amphoe_name,province_name,pm25_mean,pm25_std,pm25_min,pm25_max,data_points,latitude,longitude,air_quality_category,air_quality_color,
แม่สะเรียง,แม่ฮ่องสอน,26.47,18.68,8.31,78.79,366,18.28,97.783,Unhealthy for Sensitive,#ff7e00,แม่สะเรียง|แม่ฮ่องสอน
ขุนยวม,แม่ฮ่องสอน,27.29,23.99,7.36,100.29,366,18.832,97.902,Unhealthy for Sensitive,#ff7e00,ขุนยวม|แม่ฮ่องสอน
สบเมย,แม่ฮ่องสอน,26.26,17.58,8.43,73.75,366,17.914,97.965,Unhealthy for Sensitive,#ff7e00,สบเมย|แม่ฮ่องสอน
แม่ลาน้อย,แม่ฮ่องสอน,26.78,19.86,8.09,84.37,366,18.481,97.982,Unhealthy for Sensitive,#ff7e00,แม่ลาน้อย|แม่ฮ่องสอน
เมืองแม่ฮ่องสอน,แม่ฮ่องสอน,28.61,36.98,3.64,166.95,366,19.265,98.005,Unhealthy for Sensitive,#ff7e00,เมืองแม่ฮ่องสอน|แม่ฮ่องสอน
ท่าสองยาง,ตาก,26.04,16.86,8.42,70.2,366,17.482,98.121,Unhealthy for Sensitive,#ff7e00,ท่าสองยาง|ตาก
ปางมะผ้า,แม่ฮ่องสอน,27.75,27.19,6.6,116.27,366,19.584,98.196,Unhealthy for Sensitive,#ff7e00,ปางมะผ้า|แม่ฮ่องสอน
แม่แจ่ม,เชียงใหม่,27.12,20.58,8.03,91.51,366,18.671,98.308,Unhealthy for Sensitive,#ff7e00,แม่แจ่ม|เชียงใหม่
ท้ายเหมือง,พังงา,17.19,5.42,10.38,31.33,366,8.493,98.312,Moderate,#ffff00,ท้ายเหมือง|พังงา
กะทู้,ภูเก็ต,15.5,4.06,10.06,29.12,366,7.917,98.314,Moderate,#ffff00,กะทู้|ภูเก็ต
ตะกั่วป่า,พังงา,17.98,6.12,10.18,33.85,366,8.845,98.326,Moderate,#ffff00,ตะกั่วป่า|พังงา
อมก๋อย,เชียงใหม่,26.26,17.38,8.32,71.52,366,17.68,98.336,Unhealthy for Sensitive,#ff7e00,อมก๋อย|เชียงใหม่
ถลาง,ภูเก็ต,15.69,4.19,10.59,29.31,366,8.055,98.346,Moderate,#ffff00,ถลาง|ภูเก็ต
เมืองภูเก็ต,ภูเก็ต,15.45,4.03,9.93,29.07,366,7.854,98.36,Moderate,#ffff00,เมืองภูเก็ต|ภูเก็ต
คุระบุรี,พังงา,18.46,6.54,10.1,35.54,366,9.165,98.371,Moderate,#ffff00,คุระบุรี|พังงา
ตะกั่วทุ่ง,พังงา,16.45,4.79,10.6,30.14,366,8.269,98.412,Moderate,#ffff00,ตะกั่วทุ่ง|พังงา
ปาย,แม่ฮ่องสอน,27.62,24.61,7.36,104.15,366,19.326,98.419,Unhealthy for Sensitive,#ff7e00,ปาย|แม่ฮ่องสอน
กะปง,พังงา,17.58,5.81,10.17,32.5,366,8.74,98.466,Moderate,#ffff00,กะปง|พังงา
ฮอด,เชียงใหม่,26.65,18.5,8.19,81.21,366,18.114,98.477,Unhealthy for Sensitive,#ff7e00,ฮอด|เชียงใหม่
เมืองพังงา,พังงา,17.01,5.3,10.32,30.71,366,8.468,98.514,Moderate,#ffff00,เมืองพังงา|พังงา
สุขสำราญ,ระนอง,18.77,6.8,10.06,36.65,366,9.415,98.521,Moderate,#ffff00,สุขสำราญ|ระนอง
สังขละบุรี,กาญจนบุรี,24.37,12.05,10.1,53.16,366,15.198,98.526,Moderate,#ffff00,สังขละบุรี|กาญจนบุรี
เกาะยาว,พังงา,15.87,4.33,10.63,29.24,366,8.003,98.589,Moderate,#ffff00,เกาะยาว|พังงา
จอมทอง,เชียงใหม่,26.94,19.21,8.14,88.5,366,18.372,98.604,Unhealthy for Sensitive,#ff7e00,จอมทอง|เชียงใหม่
เมืองระนอง,ระนอง,19.74,7.58,10.13,40.21,366,9.875,98.612,Moderate,#ffff00,เมืองระนอง|ระนอง
แม่ระมาด,ตาก,26.14,17.63,7.65,81.23,366,17.078,98.618,Unhealthy for Sensitive,#ff7e00,แม่ระมาด|ตาก
กะเปอร์,ระนอง,18.74,6.79,10.03,36.59,366,9.565,98.62,Moderate,#ffff00,กะเปอร์|ระนอง
ทับปุด,พังงา,17.01,5.34,10.21,30.58,366,8.531,98.632,Moderate,#ffff00,ทับปุด|พังงา
สะเมิง,เชียงใหม่,27.68,20.95,8.34,102.51,366,18.91,98.636,Unhealthy for Sensitive,#ff7e00,สะเมิง|เชียงใหม่
แม่วาง,เชียงใหม่,27.41,20.25,8.25,99.68,366,18.666,98.655,Unhealthy for Sensitive,#ff7e00,แม่วาง|เชียงใหม่
เวียงแหง,เชียงใหม่,27.47,21.96,7.96,96.3,366,19.589,98.663,Unhealthy for Sensitive,#ff7e00,เวียงแหง|เชียงใหม่
ดอยเต่า,เชียงใหม่,26.54,18.11,8.14,77.34,366,17.906,98.675,Unhealthy for Sensitive,#ff7e00,ดอยเต่า|เชียงใหม่
ทองผาภูมิ,กาญจนบุรี,24.07,11.39,10.33,53.01,366,14.832,98.69,Moderate,#ffff00,ทองผาภูมิ|กาญจนบุรี
พนม,สุราษฎร์ธานี,17.26,5.61,10,31.39,366,8.803,98.701,Moderate,#ffff00,พนม|สุราษฎร์ธานี
แม่สอด,ตาก,26.25,19.14,6.73,94.14,366,16.749,98.711,Unhealthy for Sensitive,#ff7e00,แม่สอด|ตาก
เวียงหนองล่อง,ลำพูน,26.98,19.23,8.12,90.16,366,18.415,98.748,Unhealthy for Sensitive,#ff7e00,เวียงหนองล่อง|ลำพูน
อ่าวลึก,กระบี่,16.67,5.06,10.23,29.54,366,8.364,98.75,Moderate,#ffff00,อ่าวลึก|กระบี่
ดอยหล่อ,เชียงใหม่,27.13,19.56,8.16,94.5,366,18.533,98.754,Unhealthy for Sensitive,#ff7e00,ดอยหล่อ|เชียงใหม่
ละอุ่น,ระนอง,20.12,7.89,10.17,41.7,366,10.082,98.782,Moderate,#ffff00,ละอุ่น|ระนอง
พะโต๊ะ,ชุมพร,19.27,7.21,10.07,38.59,366,9.813,98.799,Moderate,#ffff00,พะโต๊ะ|ชุมพร
สามเงา,ตาก,26.34,17.42,8.07,74.23,366,17.402,98.805,Unhealthy for Sensitive,#ff7e00,สามเงา|ตาก
พบพระ,ตาก,25.92,16.91,7.82,77.73,366,16.475,98.822,Unhealthy for Sensitive,#ff7e00,พบพระ|ตาก
บ้านโฮ่ง,ลำพูน,26.85,18.92,8.05,85.81,366,18.267,98.824,Unhealthy for Sensitive,#ff7e00,บ้านโฮ่ง|ลำพูน
ปลายพระยา,กระบี่,16.82,5.24,10.06,30,366,8.548,98.831,Moderate,#ffff00,ปลายพระยา|กระบี่
กระบุรี,ระนอง,20.96,8.56,10.26,44.84,366,10.462,98.846,Moderate,#ffff00,กระบุรี|ระนอง
วิภาวดี,สุราษฎร์ธานี,17.03,5.55,9.78,30.44,366,9.243,98.846,Moderate,#ffff00,วิภาวดี|สุราษฎร์ธานี
เมืองกระบี่,กระบี่,16.23,4.73,10.27,28.48,366,8.138,98.848,Moderate,#ffff00,เมืองกระบี่|กระบี่
แม่แตง,เชียงใหม่,27.72,20.96,8.36,101.63,366,19.181,98.851,Unhealthy for Sensitive,#ff7e00,แม่แตง|เชียงใหม่
สันป่าตอง,เชียงใหม่,27.13,19.58,8.15,97.13,366,18.606,98.877,Unhealthy for Sensitive,#ff7e00,สันป่าตอง|เชียงใหม่
อุ้มผาง,ตาก,25.08,13.66,9.48,59.74,366,15.799,98.877,Hazardous,#7e0023,อุ้มผาง|ตาก
แม่ริม,เชียงใหม่,28.51,21.46,9,111.79,366,18.941,98.878,Unhealthy for Sensitive,#ff7e00,แม่ริม|เชียงใหม่
หางดง,เชียงใหม่,27.78,21.34,8.24,115.14,366,18.735,98.879,Unhealthy for Sensitive,#ff7e00,หางดง|เชียงใหม่
ลี้,ลำพูน,26.54,18.06,8.03,75.79,366,17.788,98.885,Unhealthy for Sensitive,#ff7e00,ลี้|ลำพูน
ป่าซาง,ลำพูน,26.89,18.95,8.1,88.35,366,18.419,98.887,Unhealthy for Sensitive,#ff7e00,ป่าซาง|ลำพูน
เชียงดาว,เชียงใหม่,27.49,21.11,8.14,95.23,366,19.505,98.91,Unhealthy for Sensitive,#ff7e00,เชียงดาว|เชียงใหม่
ไทรโยค,กาญจนบุรี,23.64,10.77,10.53,53.47,366,14.26,98.924,Moderate,#ffff00,ไทรโยค|กาญจนบุรี
คีรีรัฐนิคม,สุราษฎร์ธานี,16.51,5.2,9.72,28.76,366,9.012,98.932,Moderate,#ffff00,คีรีรัฐนิคม|สุราษฎร์ธานี
ท่าฉาง,สุราษฎร์ธานี,17.01,5.55,9.75,30.35,366,9.343,98.944,Moderate,#ffff00,ท่าฉาง|สุราษฎร์ธานี
เมืองเชียงใหม่,เชียงใหม่,27.24,22.29,7.36,128.94,366,18.791,98.955,Unhealthy for Sensitive,#ff7e00,เมืองเชียงใหม่|เชียงใหม่
ท่าชนะ,สุราษฎร์ธานี,17.91,6.19,9.87,33.67,366,9.601,98.992,Moderate,#ffff00,ท่าชนะ|สุราษฎร์ธานี
สวี,ชุมพร,20.41,8.11,10.2,42.89,366,10.24,99.017,Moderate,#ffff00,สวี|ชุมพร
สารภี,เชียงใหม่,27.23,20.72,7.86,111.19,366,18.698,99.02,Unhealthy for Sensitive,#ff7e00,สารภี|เชียงใหม่
ละแม,ชุมพร,18.69,6.76,9.98,36.54,366,9.757,99.022,Moderate,#ffff00,ละแม|ชุมพร
สันทราย,เชียงใหม่,28.44,21.45,8.91,112.3,366,18.955,99.03,Unhealthy for Sensitive,#ff7e00,สันทราย|เชียงใหม่
เหนือคลอง,กระบี่,15.83,4.54,10.06,27.06,366,8.032,99.037,Moderate,#ffff00,เหนือคลอง|กระบี่
หลังสวน,ชุมพร,19.44,7.34,10.08,39.31,366,9.94,99.046,Moderate,#ffff00,หลังสวน|ชุมพร
ทุ่งตะโก,ชุมพร,19.97,7.76,10.14,41.27,366,10.092,99.05,Moderate,#ffff00,ทุ่งตะโก|ชุมพร
แม่พริก,ลำปาง,26.51,17.76,8,74.7,366,17.503,99.054,Unhealthy for Sensitive,#ff7e00,แม่พริก|ลำปาง
ทุ่งหัวช้าง,ลำพูน,26.73,18.66,7.86,80.19,366,17.976,99.057,Unhealthy for Sensitive,#ff7e00,ทุ่งหัวช้าง|ลำพูน
เมืองลำพูน,ลำพูน,26.48,17.9,6.96,79.35,366,18.552,99.059,Unhealthy for Sensitive,#ff7e00,เมืองลำพูน|ลำพูน
ไชยา,สุราษฎร์ธานี,17.48,5.88,9.81,32.08,366,9.442,99.067,Moderate,#ffff00,ไชยา|สุราษฎร์ธานี
ชัยบุรี,สุราษฎร์ธานี,16.43,4.99,9.94,28.89,366,8.451,99.071,Moderate,#ffff00,ชัยบุรี|สุราษฎร์ธานี
เกาะลันตา,กระบี่,15.06,4.13,9.89,25.58,366,7.681,99.075,Moderate,#ffff00,เกาะลันตา|กระบี่
บ้านตาก,ตาก,26.48,17.57,7.88,77.28,366,17.109,99.075,Unhealthy for Sensitive,#ff7e00,บ้านตาก|ตาก
แม่ทา,ลำพูน,26.85,18.86,7.98,85.3,366,18.381,99.083,Unhealthy for Sensitive,#ff7e00,แม่ทา|ลำพูน
ท่าแซะ,ชุมพร,21.42,8.93,10.31,46.76,366,10.771,99.095,Moderate,#ffff00,ท่าแซะ|ชุมพร
เมืองชุมพร,ชุมพร,20.9,8.51,10.25,44.76,366,10.462,99.102,Moderate,#ffff00,เมืองชุมพร|ชุมพร
เคียนซา,สุราษฎร์ธานี,16.33,5.02,9.75,28.18,366,8.742,99.115,Moderate,#ffff00,เคียนซา|สุราษฎร์ธานี
พระแสง,สุราษฎร์ธานี,16.45,5.04,9.87,28.87,366,8.555,99.117,Moderate,#ffff00,พระแสง|สุราษฎร์ธานี
เขาพนม,กระบี่,16.15,4.79,9.96,28.13,366,8.273,99.12,Moderate,#ffff00,เขาพนม|กระบี่
ศรีสวัสดิ์,กาญจนบุรี,23.94,11.07,10.43,53.58,366,14.668,99.122,Moderate,#ffff00,ศรีสวัสดิ์|กาญจนบุรี
วังเจ้า,ตาก,26.17,17.28,7.62,73.64,366,16.62,99.128,Unhealthy for Sensitive,#ff7e00,วังเจ้า|ตาก
พุนพิน,สุราษฎร์ธานี,15.55,4.69,9.02,27.97,366,9.029,99.144,Moderate,#ffff00,พุนพิน|สุราษฎร์ธานี
เสริมงาม,ลำปาง,26.92,19.1,7.73,82.88,366,18.09,99.16,Unhealthy for Sensitive,#ff7e00,เสริมงาม|ลำปาง
บ้านธิ,ลำพูน,27.01,19.39,8.06,94.68,366,18.648,99.16,Unhealthy for Sensitive,#ff7e00,บ้านธิ|ลำพูน
ฝาง,เชียงใหม่,27.9,22.21,8.21,104.31,366,19.885,99.163,Unhealthy for Sensitive,#ff7e00,ฝาง|เชียงใหม่
สันกำแพง,เชียงใหม่,27.32,20.3,8.06,104.17,366,18.735,99.163,Unhealthy for Sensitive,#ff7e00,สันกำแพง|เชียงใหม่
เมืองตาก,ตาก,26.5,17.64,7.74,77.37,366,16.89,99.166,Unhealthy for Sensitive,#ff7e00,เมืองตาก|ตาก
ไชยปราการ,เชียงใหม่,27.64,21.49,8.13,99.36,366,19.681,99.173,Unhealthy for Sensitive,#ff7e00,ไชยปราการ|เชียงใหม่
คลองท่อม,กระบี่,15.05,4.17,9.8,25.51,366,7.901,99.2,Moderate,#ffff00,คลองท่อม|กระบี่
ดอยสะเก็ด,เชียงใหม่,27.64,20.66,8.27,104.32,366,18.939,99.216,Unhealthy for Sensitive,#ff7e00,ดอยสะเก็ด|เชียงใหม่
พร้าว,เชียงใหม่,27.5,20.64,8.12,96.19,366,19.294,99.218,Unhealthy for Sensitive,#ff7e00,พร้าว|เชียงใหม่
คลองลาน,กำแพงเพชร,25.81,16.38,7.91,67.82,366,16.25,99.231,Unhealthy for Sensitive,#ff7e00,คลองลาน|กำแพงเพชร
บ้านนาเดิม,สุราษฎร์ธานี,15.58,4.68,9.14,27.76,366,8.899,99.273,Moderate,#ffff00,บ้านนาเดิม|สุราษฎร์ธานี
ห้างฉัตร,ลำปาง,27.35,19.78,7.62,86.91,366,18.343,99.276,Unhealthy for Sensitive,#ff7e00,ห้างฉัตร|ลำปาง
โกสัมพีนคร,กำแพงเพชร,26.27,18.35,6.83,75.48,366,16.576,99.285,Unhealthy for Sensitive,#ff7e00,โกสัมพีนคร|กำแพงเพชร
เถิน,ลำปาง,26.65,18.1,7.86,76.07,366,17.566,99.287,Unhealthy for Sensitive,#ff7e00,เถิน|ลำปาง
สวนผึ้ง,ราชบุรี,23.36,10.51,10.64,53.95,366,13.551,99.293,Moderate,#ffff00,สวนผึ้ง|ราชบุรี
แม่ออน,เชียงใหม่,27.13,19.88,7.94,95.54,366,18.744,99.298,Unhealthy for Sensitive,#ff7e00,แม่ออน|เชียงใหม่
ปางศิลาทอง,กำแพงเพชร,25.55,14.99,8.72,62.89,366,16.027,99.312,Unhealthy for Sensitive,#ff7e00,ปางศิลาทอง|กำแพงเพชร
ด่านมะขามเตี้ย,กาญจนบุรี,23.44,10.85,10.46,54.61,366,13.839,99.325,Moderate,#ffff00,ด่านมะขามเตี้ย|กาญจนบุรี
เมืองสุราษฎร์ธานี,สุราษฎร์ธานี,14.94,4.45,7.94,27.82,366,9.1,99.325,Moderate,#ffff00,เมืองสุราษฎร์ธานี|สุราษฎร์ธานี
แม่อาย,เชียงใหม่,28.36,23.59,8.05,113.85,366,20.001,99.328,Unhealthy for Sensitive,#ff7e00,แม่อาย|เชียงใหม่
เมืองกาญจนบุรี,กาญจนบุรี,23.49,11.1,10.33,54.91,366,14.073,99.33,Moderate,#ffff00,เมืองกาญจนบุรี|กาญจนบุรี
บ้านไร่,อุทัยธานี,24.76,12.16,10.18,54.4,366,15.227,99.331,Moderate,#ffff00,บ้านไร่|อุทัยธานี
ลำทับ,กระบี่,15.27,4.28,9.78,25.7,366,8.045,99.335,Moderate,#ffff00,ลำทับ|กระบี่
บางสะพานน้อย,ประจวบคีรีขันธ์,21.73,9.18,10.34,48.2,366,11.065,99.336,Moderate,#ffff00,บางสะพานน้อย|ประจวบคีรีขันธ์
สบปราบ,ลำปาง,26.7,18.8,7.63,79.99,366,17.897,99.336,Unhealthy for Sensitive,#ff7e00,สบปราบ|ลำปาง
ปะทิว,ชุมพร,21.45,8.95,10.31,47.05,366,10.812,99.34,Moderate,#ffff00,ปะทิว|ชุมพร
เกาะคา,ลำปาง,27.49,19.97,7.5,86.73,366,18.139,99.345,Unhealthy for Sensitive,#ff7e00,เกาะคา|ลำปาง
สิเกา,ตรัง,12.99,3.44,8.2,24.94,366,7.6,99.356,Moderate,#ffff00,สิเกา|ตรัง
เวียงสระ,สุราษฎร์ธานี,16.09,4.82,9.73,27.84,366,8.6,99.357,Moderate,#ffff00,เวียงสระ|สุราษฎร์ธานี
ทุ่งใหญ่,นครศรีธรรมราช,15.74,4.55,9.78,27.13,366,8.292,99.373,Moderate,#ffff00,ทุ่งใหญ่|นครศรีธรรมราช
ถ้ำพรรณรา,นครศรีธรรมราช,15.97,4.71,9.76,27.75,366,8.461,99.381,Moderate,#ffff00,ถ้ำพรรณรา|นครศรีธรรมราช
บ้านคา,ราชบุรี,23.23,10.39,10.65,53.73,366,13.322,99.387,Moderate,#ffff00,บ้านคา|ราชบุรี
แม่เปิน,นครสวรรค์,25.21,13.4,9.64,57.52,366,15.69,99.39,Unhealthy for Sensitive,#ff7e00,แม่เปิน|นครสวรรค์
แม่วงก์,นครสวรรค์,25.34,13.89,9.39,59.21,366,15.839,99.401,Unhealthy for Sensitive,#ff7e00,แม่วงก์|นครสวรรค์
บ้านนาสาร,สุราษฎร์ธานี,15.87,4.77,9.61,27.61,366,8.813,99.403,Moderate,#ffff00,บ้านนาสาร|สุราษฎร์ธานี
วังวิเศษ,ตรัง,13.32,3.53,8.5,24.98,366,7.748,99.413,Moderate,#ffff00,วังวิเศษ|ตรัง
ลานสัก,อุทัยธานี,25.22,12.93,9.95,55.38,366,15.515,99.414,Unhealthy for Sensitive,#ff7e00,ลานสัก|อุทัยธานี
หนองปรือ,กาญจนบุรี,23.95,11.03,10.4,53.76,366,14.675,99.416,Moderate,#ffff00,หนองปรือ|กาญจนบุรี
เวียงป่าเป้า,เชียงราย,27.51,20.76,7.87,95.82,366,19.285,99.436,Unhealthy for Sensitive,#ff7e00,เวียงป่าเป้า|เชียงราย
บ่อพลอย,กาญจนบุรี,23.63,10.84,10.41,53.91,366,14.404,99.441,Moderate,#ffff00,บ่อพลอย|กาญจนบุรี
บางสะพาน,ประจวบคีรีขันธ์,21.9,9.32,10.36,49.06,366,11.29,99.445,Moderate,#ffff00,บางสะพาน|ประจวบคีรีขันธ์
เมืองปาน,ลำปาง,26.86,19.74,7.69,89.71,366,18.792,99.452,Unhealthy for Sensitive,#ff7e00,เมืองปาน|ลำปาง
แก่งกระจาน,เพชรบุรี,22.73,9.99,10.48,52.76,366,12.86,99.464,Moderate,#ffff00,แก่งกระจาน|เพชรบุรี
แม่สรวย,เชียงราย,27.69,22.48,7.67,107.17,366,19.693,99.474,Unhealthy for Sensitive,#ff7e00,แม่สรวย|เชียงราย
หนองหญ้าปล้อง,เพชรบุรี,23.05,10.24,10.62,53.38,366,13.128,99.474,Moderate,#ffff00,หนองหญ้าปล้อง|เพชรบุรี
กันตัง,ตรัง,12.78,3.37,8.05,24.85,366,7.4,99.48,Moderate,#ffff00,กันตัง|ตรัง
บางขัน,นครศรีธรรมราช,14.71,4,9.63,25.32,366,8.005,99.48,Moderate,#ffff00,บางขัน|นครศรีธรรมราช
บ้านด่านลานหอย,สุโขทัย,28.08,20.25,7.26,92.88,366,17.059,99.491,Unhealthy for Sensitive,#ff7e00,บ้านด่านลานหอย|สุโขทัย
ด่านช้าง,สุพรรณบุรี,24.31,11.38,10.35,54.3,366,14.883,99.508,Moderate,#ffff00,ด่านช้าง|สุพรรณบุรี
เมืองกำแพงเพชร,กำแพงเพชร,26.04,19.99,5.29,82.97,366,16.426,99.509,Unhealthy for Sensitive,#ff7e00,เมืองกำแพงเพชร|กำแพงเพชร
จอมบึง,ราชบุรี,23.5,10.75,10.56,54.74,366,13.64,99.519,Moderate,#ffff00,จอมบึง|ราชบุรี
ฉวาง,นครศรีธรรมราช,15.63,4.49,9.67,27.7,366,8.479,99.53,Moderate,#ffff00,ฉวาง|นครศรีธรรมราช
ห้วยคต,อุทัยธานี,25.17,12.55,10.17,55.51,366,15.303,99.53,Unhealthy for Sensitive,#ff7e00,ห้วยคต|อุทัยธานี
เมืองลำปาง,ลำปาง,26.95,20.13,7.11,87.07,366,18.412,99.535,Unhealthy for Sensitive,#ff7e00,เมืองลำปาง|ลำปาง
กาญจนดิษฐ์,สุราษฎร์ธานี,15.61,4.71,9.15,27.78,366,9.072,99.544,Moderate,#ffff00,กาญจนดิษฐ์|สุราษฎร์ธานี
นาบอน,นครศรีธรรมราช,15.34,4.3,9.67,26.95,366,8.269,99.551,Moderate,#ffff00,นาบอน|นครศรีธรรมราช
พรานกระต่าย,กำแพงเพชร,26.81,19.02,6.8,80.54,366,16.71,99.552,Unhealthy for Sensitive,#ff7e00,พรานกระต่าย|กำแพงเพชร
ทุ่งเสลี่ยม,สุโขทัย,27.33,18.93,7.63,83.61,366,17.356,99.553,Unhealthy for Sensitive,#ff7e00,ทุ่งเสลี่ยม|สุโขทัย
ชุมตาบง,นครสวรรค์,25.38,13.36,9.76,56.85,366,15.679,99.555,Unhealthy for Sensitive,#ff7e00,ชุมตาบง|นครสวรรค์
ทับสะแก,ประจวบคีรีขันธ์,22.02,9.43,10.36,49.85,366,11.546,99.565,Moderate,#ffff00,ทับสะแก|ประจวบคีรีขันธ์
แม่ทะ,ลำปาง,26.63,19.58,7.14,84.76,366,18.105,99.572,Unhealthy for Sensitive,#ff7e00,แม่ทะ|ลำปาง
หาดสำราญ,ตรัง,13.72,3.45,9.29,24.74,366,7.237,99.583,Moderate,#ffff00,หาดสำราญ|ตรัง
พิปูน,นครศรีธรรมราช,15.64,4.51,9.64,27.85,366,8.598,99.6,Moderate,#ffff00,พิปูน|นครศรีธรรมราช
ท่าม่วง,กาญจนบุรี,23.45,11.34,10.21,55.63,366,13.918,99.603,Moderate,#ffff00,ท่าม่วง|กาญจนบุรี
ห้วยยอด,ตรัง,13.01,3.44,8.2,24.82,366,7.792,99.606,Moderate,#ffff00,ห้วยยอด|ตรัง
เมืองตรัง,ตรัง,11.88,3.3,7.06,24.98,366,7.609,99.619,Good,#00e400,เมืองตรัง|ตรัง
ช้างกลาง,นครศรีธรรมราช,15.19,4.23,9.39,27.35,366,8.355,99.629,Moderate,#ffff00,ช้างกลาง|นครศรีธรรมราช
วังชิ้น,แพร่,26.36,18.59,7.45,78.39,366,17.863,99.637,Unhealthy for Sensitive,#ff7e00,วังชิ้น|แพร่
วังเหนือ,ลำปาง,27.74,21.17,7.42,98.55,366,19.146,99.639,Unhealthy for Sensitive,#ff7e00,วังเหนือ|ลำปาง
แจ้ห่ม,ลำปาง,26.32,19.57,7.28,86.52,366,18.751,99.65,Unhealthy for Sensitive,#ff7e00,แจ้ห่ม|ลำปาง
ทุ่งสง,นครศรีธรรมราช,14.96,4.07,9.62,25.78,366,8.115,99.657,Moderate,#ffff00,ทุ่งสง|นครศรีธรรมราช
ปากท่อ,ราชบุรี,23.41,10.85,10.33,55,366,13.365,99.658,Moderate,#ffff00,ปากท่อ|ราชบุรี
แม่ฟ้าหลวง,เชียงราย,31.44,29.98,8.62,151.86,366,20.251,99.66,Unhealthy for Sensitive,#ff7e00,แม่ฟ้าหลวง|เชียงราย
รัษฎา,ตรัง,14.23,3.77,9.38,25,366,7.939,99.666,Moderate,#ffff00,รัษฎา|ตรัง
ขาณุวรลักษบุรี,กำแพงเพชร,25.56,14.61,8.9,61.17,366,16.016,99.671,Unhealthy for Sensitive,#ff7e00,ขาณุวรลักษบุรี|กำแพงเพชร
ห้วยกระเจา,กาญจนบุรี,23.54,10.74,10.31,53.43,366,14.341,99.675,Moderate,#ffff00,ห้วยกระเจา|กาญจนบุรี
นบพิตำ,นครศรีธรรมราช,15.83,4.65,9.64,27.97,366,8.755,99.676,Moderate,#ffff00,นบพิตำ|นครศรีธรรมราช
พนมทวน,กาญจนบุรี,23.47,10.91,10.35,54.51,366,14.158,99.685,Moderate,#ffff00,พนมทวน|กาญจนบุรี
คลองขลุง,กำแพงเพชร,25.89,16.48,7.77,67.62,366,16.223,99.686,Unhealthy for Sensitive,#ff7e00,คลองขลุง|กำแพงเพชร
เลาขวัญ,กาญจนบุรี,23.78,10.92,10.19,53.17,366,14.598,99.69,Moderate,#ffff00,เลาขวัญ|กาญจนบุรี
ดอนสัก,สุราษฎร์ธานี,16.44,5.15,9.66,28.76,366,9.203,99.691,Moderate,#ffff00,ดอนสัก|สุราษฎร์ธานี
แม่ลาว,เชียงราย,27.26,24.15,6.58,119.18,366,19.776,99.699,Unhealthy for Sensitive,#ff7e00,แม่ลาว|เชียงราย
ศรีสัชนาลัย,สุโขทัย,26.79,18.21,7.73,77,366,17.6,99.704,Unhealthy for Sensitive,#ff7e00,ศรีสัชนาลัย|สุโขทัย
หัวหิน,ประจวบคีรีขันธ์,21.88,9.96,9.36,53.04,366,12.515,99.705,Moderate,#ffff00,หัวหิน|ประจวบคีรีขันธ์
เมืองประจวบคีรีขันธ์,ประจวบคีรีขันธ์,22.07,9.53,10.29,50.71,366,11.873,99.72,Moderate,#ffff00,เมืองประจวบคีรีขันธ์|ประจวบคีรีขันธ์
สามร้อยยอด,ประจวบคีรีขันธ์,22.01,9.73,9.89,52.02,366,12.26,99.727,Moderate,#ffff00,สามร้อยยอด|ประจวบคีรีขันธ์
ปราณบุรี,ประจวบคีรีขันธ์,21.97,9.84,9.65,52.53,366,12.392,99.731,Moderate,#ffff00,ปราณบุรี|ประจวบคีรีขันธ์
คีรีมาศ,สุโขทัย,29.31,22.58,6.44,106.81,366,16.834,99.735,Unhealthy for Sensitive,#ff7e00,คีรีมาศ|สุโขทัย
กุยบุรี,ประจวบคีรีขันธ์,22.06,9.63,10.15,51.43,366,12.113,99.737,Moderate,#ffff00,กุยบุรี|ประจวบคีรีขันธ์
ย่านตาขาว,ตรัง,12.88,3.33,8.24,24.74,366,7.423,99.738,Moderate,#ffff00,ย่านตาขาว|ตรัง
ศรีสำโรง,สุโขทัย,29.7,23.23,6.43,111.45,366,17.163,99.74,Unhealthy for Sensitive,#ff7e00,ศรีสำโรง|สุโขทัย
นาโยง,ตรัง,12.49,3.32,7.74,24.76,366,7.559,99.744,Moderate,#ffff00,นาโยง|ตรัง
พาน,เชียงราย,27.68,22.29,7.47,106.2,366,19.56,99.751,Unhealthy for Sensitive,#ff7e00,พาน|เชียงราย
โพธาราม,ราชบุรี,23.63,10.95,10.49,55.35,366,13.71,99.753,Moderate,#ffff00,โพธาราม|ราชบุรี
สว่างอารมณ์,อุทัยธานี,25.78,13.43,9.82,58.72,366,15.603,99.762,Unhealthy for Sensitive,#ff7e00,สว่างอารมณ์|อุทัยธานี
ปะเหลียน,ตรัง,14.16,3.38,9.71,24.4,366,7.253,99.767,Moderate,#ffff00,ปะเหลียน|ตรัง
เมืองราชบุรี,ราชบุรี,24.72,12.68,9.28,59.41,366,13.542,99.767,Moderate,#ffff00,เมืองราชบุรี|ราชบุรี
หนองฉาง,อุทัยธานี,26.41,13.68,10.12,61.81,366,15.369,99.768,Unhealthy for Sensitive,#ff7e00,หนองฉาง|อุทัยธานี
เมืองเชียงราย,เชียงราย,26.67,25.1,5.71,130.9,366,19.916,99.773,Unhealthy for Sensitive,#ff7e00,เมืองเชียงราย|เชียงราย
ลานสกา,นครศรีธรรมราช,14.61,3.96,8.29,27.37,366,8.377,99.776,Moderate,#ffff00,ลานสกา|นครศรีธรรมราช
เมืองสุโขทัย,สุโขทัย,32.23,28.36,4.71,141.98,366,17.025,99.776,Unhealthy for Sensitive,#ff7e00,เมืองสุโขทัย|สุโขทัย
ท่ามะกา,กาญจนบุรี,23.41,10.64,10.51,54.37,366,13.946,99.778,Moderate,#ffff00,ท่ามะกา|กาญจนบุรี
ท่ายาง,เพชรบุรี,22.32,9.91,9.99,52.98,366,12.817,99.791,Moderate,#ffff00,ท่ายาง|เพชรบุรี
ละงู,สตูล,14.44,3.3,9.55,23.18,366,6.915,99.795,Moderate,#ffff00,ละงู|สตูล
ลาดยาว,นครสวรรค์,25.38,13.4,9.58,56.83,366,15.772,99.796,Unhealthy for Sensitive,#ff7e00,ลาดยาว|นครสวรรค์
แม่ใจ,พะเยา,28.12,22.01,7.26,103.8,366,19.38,99.797,Unhealthy for Sensitive,#ff7e00,แม่ใจ|พะเยา
เขาย้อย,เพชรบุรี,22.97,10.55,10.31,54.13,366,13.244,99.805,Moderate,#ffff00,เขาย้อย|เพชรบุรี
พรหมคีรี,นครศรีธรรมราช,14.75,4.04,8.45,27.6,366,8.546,99.807,Moderate,#ffff00,พรหมคีรี|นครศรีธรรมราช
ขนอม,นครศรีธรรมราช,16.9,5.42,9.75,30.42,366,9.191,99.808,Moderate,#ffff00,ขนอม|นครศรีธรรมราช
สิชล,นครศรีธรรมราช,16.31,4.98,9.69,28.75,366,8.949,99.809,Moderate,#ffff00,สิชล|นครศรีธรรมราช
ทัพทัน,อุทัยธานี,26.49,13.9,9.91,63.13,366,15.492,99.822,Unhealthy for Sensitive,#ff7e00,ทัพทัน|อุทัยธานี
แม่เมาะ,ลำปาง,23.84,19.52,5.68,81.99,366,18.405,99.824,Moderate,#ffff00,แม่เมาะ|ลำปาง
หนองมะโมง,ชัยนาท,26.36,13.47,10.29,60.62,366,15.236,99.825,Unhealthy for Sensitive,#ff7e00,หนองมะโมง|ชัยนาท
บ้านโป่ง,ราชบุรี,23.39,10.64,10.49,54.47,366,13.82,99.825,Moderate,#ffff00,บ้านโป่ง|ราชบุรี
ทุ่งหว้า,สตูล,14.55,3.37,9.76,23.85,366,7.082,99.829,Moderate,#ffff00,ทุ่งหว้า|สตูล
สวรรคโลก,สุโขทัย,28.26,20.38,7.28,93.5,366,17.301,99.835,Unhealthy for Sensitive,#ff7e00,สวรรคโลก|สุโขทัย
เนินขาม,ชัยนาท,24.9,11.88,10.34,55.99,366,14.989,99.841,Moderate,#ffff00,เนินขาม|ชัยนาท
แม่จัน,เชียงราย,31.46,30.59,8.37,155.45,366,20.163,99.847,Unhealthy for Sensitive,#ff7e00,แม่จัน|เชียงราย
บ้านลาด,เพชรบุรี,22.78,10.09,10.43,53.18,366,13.047,99.85,Moderate,#ffff00,บ้านลาด|เพชรบุรี
หนองหญ้าไซ,สุพรรณบุรี,24.14,11.25,10.11,53.82,366,14.782,99.854,Moderate,#ffff00,หนองหญ้าไซ|สุพรรณบุรี
ลานกระบือ,กำแพงเพชร,26.97,18.16,7.34,77.87,366,16.602,99.857,Unhealthy for Sensitive,#ff7e00,ลานกระบือ|กำแพงเพชร
ไทรงาม,กำแพงเพชร,26.33,17.05,7.6,70.26,366,16.443,99.862,Unhealthy for Sensitive,#ff7e00,ไทรงาม|กำแพงเพชร
จุฬาภรณ์,นครศรีธรรมราช,14.89,4,9.37,26.07,366,8.075,99.863,Moderate,#ffff00,จุฬาภรณ์|นครศรีธรรมราช
ศรีบรรพต,พัทลุง,13.68,3.5,8.98,24.74,366,7.687,99.864,Moderate,#ffff00,ศรีบรรพต|พัทลุง
วัดเพลง,ราชบุรี,23.67,11.77,9.59,57.01,366,13.45,99.864,Moderate,#ffff00,วัดเพลง|ราชบุรี
เมืองพะเยา,พะเยา,28.68,22.93,6.67,108.89,366,19.151,99.867,Unhealthy for Sensitive,#ff7e00,เมืองพะเยา|พะเยา
ทรายทองวัฒนา,กำแพงเพชร,26.04,16.2,8,66.57,366,16.313,99.872,Unhealthy for Sensitive,#ff7e00,ทรายทองวัฒนา|กำแพงเพชร
ท่าศาลา,นครศรีธรรมราช,15.24,4.29,9.16,28.07,366,8.7,99.879,Moderate,#ffff00,ท่าศาลา|นครศรีธรรมราช
ร่อนพิบูลย์,นครศรีธรรมราช,14.72,3.97,8.67,27.03,366,8.196,99.886,Moderate,#ffff00,ร่อนพิบูลย์|นครศรีธรรมราช
อู่ทอง,สุพรรณบุรี,23.28,10.89,9.43,50.68,366,14.414,99.886,Moderate,#ffff00,อู่ทอง|สุพรรณบุรี
ลอง,แพร่,25.23,18.71,6.73,80.87,366,18.132,99.887,Unhealthy for Sensitive,#ff7e00,ลอง|แพร่
ชะอำ,เพชรบุรี,21.85,10.01,9.26,53.37,366,12.758,99.9,Moderate,#ffff00,ชะอำ|เพชรบุรี
ศรีนครินทร์,พัทลุง,13.77,3.44,9.22,24.71,366,7.563,99.904,Moderate,#ffff00,ศรีนครินทร์|พัทลุง
อัมพวา,สมุทรสงคราม,22.24,10.99,9.25,54.34,366,13.364,99.909,Moderate,#ffff00,อัมพวา|สมุทรสงคราม
แม่สาย,เชียงราย,37.48,41.34,9.35,228.32,366,20.364,99.912,Unhealthy,#ff0000,แม่สาย|เชียงราย
ท่าแพ,สตูล,13.72,3.14,8.92,22.38,366,6.799,99.916,Moderate,#ffff00,ท่าแพ|สตูล
เมืองสตูล,สตูล,13.32,3.15,8.51,22.29,366,6.623,99.918,Moderate,#ffff00,เมืองสตูล|สตูล
งาว,ลำปาง,26.37,19.51,7.36,86.91,366,18.757,99.927,Unhealthy for Sensitive,#ff7e00,งาว|ลำปาง
มะนัง,สตูล,14.66,3.14,9.93,23.25,366,7.005,99.931,Moderate,#ffff00,มะนัง|สตูล
พระพรหม,นครศรีธรรมราช,14.29,3.85,7.68,27.29,366,8.324,99.935,Moderate,#ffff00,พระพรหม|นครศรีธรรมราช
ดอนเจดีย์,สุพรรณบุรี,23.59,11.16,9.41,51.33,366,14.647,99.941,Moderate,#ffff00,ดอนเจดีย์|สุพรรณบุรี
หนองขาหย่าง,อุทัยธานี,28.84,16.13,9.7,79.86,366,15.349,99.944,Unhealthy for Sensitive,#ff7e00,หนองขาหย่าง|อุทัยธานี
บางคนที,สมุทรสงคราม,22,11.2,8.86,54.5,366,13.477,99.949,Moderate,#ffff00,บางคนที|สมุทรสงคราม
กงหรา,พัทลุง,14.31,3.39,9.82,24.49,366,7.422,99.951,Moderate,#ffff00,กงหรา|พัทลุง
เกาะสมุย,สุราษฎร์ธานี,18.34,6.47,9.95,35.62,366,9.506,99.956,Moderate,#ffff00,เกาะสมุย|สุราษฎร์ธานี
หันคา,ชัยนาท,25.46,12.38,10.41,57.59,366,15.051,99.962,Unhealthy for Sensitive,#ff7e00,หันคา|ชัยนาท
กำแพงแสน,นครปฐม,23.33,10.39,10.56,53.71,366,14.031,99.962,Moderate,#ffff00,กำแพงแสน|นครปฐม
บึงสามัคคี,กำแพงเพชร,25.82,15.31,8.47,63.45,366,16.221,99.964,Unhealthy for Sensitive,#ff7e00,บึงสามัคคี|กำแพงเพชร
ศรีนคร,สุโขทัย,27.31,18.5,7.68,80.49,366,17.383,99.967,Unhealthy for Sensitive,#ff7e00,ศรีนคร|สุโขทัย
ภูกามยาว,พะเยา,28.38,22.35,7.02,105.9,366,19.32,99.968,Unhealthy for Sensitive,#ff7e00,ภูกามยาว|พะเยา
ดำเนินสะดวก,ราชบุรี,23.04,10.93,10.04,54.89,366,13.569,99.968,Moderate,#ffff00,ดำเนินสะดวก|ราชบุรี
เมืองเพชรบุรี,เพชรบุรี,22.76,10.06,10.4,53.09,366,13.082,99.969,Moderate,#ffff00,เมืองเพชรบุรี|เพชรบุรี
เมืองนครศรีธรรมราช,นครศรีธรรมราช,14.11,3.81,7.24,27.25,366,8.434,99.972,Moderate,#ffff00,เมืองนครศรีธรรมราช|นครศรีธรรมราช
วัดสิงห์,ชัยนาท,27.28,14.35,10.16,66.97,366,15.213,99.973,Unhealthy for Sensitive,#ff7e00,วัดสิงห์|ชัยนาท
กงไกรลาศ,สุโขทัย,29.7,23.04,6.32,110.76,366,16.94,99.975,Unhealthy for Sensitive,#ff7e00,กงไกรลาศ|สุโขทัย
ป่าแดด,เชียงราย,27.86,21.94,7.62,103.84,366,19.506,99.978,Unhealthy for Sensitive,#ff7e00,ป่าแดด|เชียงราย
บางแพ,ราชบุรี,23.36,10.65,10.42,54.51,366,13.679,99.978,Moderate,#ffff00,บางแพ|ราชบุรี
ชะอวด,นครศรีธรรมราช,14.99,3.97,9.73,25.38,366,7.958,99.984,Moderate,#ffff00,ชะอวด|นครศรีธรรมราช
บ้านแหลม,เพชรบุรี,22.73,10.23,10.23,53.32,366,13.176,99.984,Moderate,#ffff00,บ้านแหลม|เพชรบุรี
บรรพตพิสัย,นครสวรรค์,25.36,13.88,9.19,58.64,366,15.995,99.99,Unhealthy for Sensitive,#ff7e00,บรรพตพิสัย|นครสวรรค์
สองพี่น้อง,สุพรรณบุรี,23.38,10.4,10.43,52.79,366,14.194,99.99,Moderate,#ffff00,สองพี่น้อง|สุพรรณบุรี
เวียงชัย,เชียงราย,27.38,24.64,6.53,123.28,366,19.867,99.993,Unhealthy for Sensitive,#ff7e00,เวียงชัย|เชียงราย
เมืองสมุทรสงคราม,สมุทรสงคราม,20.16,11.38,6.69,52.97,366,13.399,99.998,Moderate,#ffff00,เมืองสมุทรสงคราม|สมุทรสงคราม
ลับแล,อุตรดิตถ์,26.9,17.63,7.54,80.82,366,17.661,100.012,Unhealthy for Sensitive,#ff7e00,ลับแล|อุตรดิตถ์
โกรกพระ,นครสวรรค์,25.49,13.24,9.52,58.78,366,15.587,100.018,Unhealthy for Sensitive,#ff7e00,โกรกพระ|นครสวรรค์
เด่นชัย,แพร่,26.58,18.37,7.64,78.67,366,17.92,100.019,Unhealthy for Sensitive,#ff7e00,เด่นชัย|แพร่
เมืองนครปฐม,นครปฐม,22.4,11.27,8.29,54.13,366,13.82,100.02,Moderate,#ffff00,เมืองนครปฐม|นครปฐม
เมืองอุทัยธานี,อุทัยธานี,29.81,17.19,9.5,87.33,366,15.399,100.023,Unhealthy for Sensitive,#ff7e00,เมืองอุทัยธานี|อุทัยธานี
เกาะพะงัน,สุราษฎร์ธานี,19.35,7.27,10.07,39.35,366,9.744,100.025,Moderate,#ffff00,เกาะพะงัน|สุราษฎร์ธานี
เดิมบางนางบวช,สุพรรณบุรี,24.65,11.6,10.26,55.46,366,14.877,100.031,Moderate,#ffff00,เดิมบางนางบวช|สุพรรณบุรี
ตะโหมด,พัทลุง,14.98,3.2,10.38,24.06,366,7.285,100.033,Moderate,#ffff00,ตะโหมด|พัทลุง
เฉลิมพระเกียรติ,นครศรีธรรมราช,14.8,3.99,8.77,27.18,366,8.175,100.038,Moderate,#ffff00,เฉลิมพระเกียรติ|นครศรีธรรมราช
บางระกำ,พิษณุโลก,27.4,18.42,7.12,81.51,366,16.726,100.039,Unhealthy for Sensitive,#ff7e00,บางระกำ|พิษณุโลก
ควนกาหลง,สตูล,14.37,2.99,9.7,22.49,366,6.92,100.051,Moderate,#ffff00,ควนกาหลง|สตูล
ดอกคำใต้,พะเยา,28.11,21.68,7.25,102.15,366,19.103,100.056,Unhealthy for Sensitive,#ff7e00,ดอกคำใต้|พะเยา
เวียงเชียงรุ้ง,เชียงราย,28.67,25.72,7.41,127.76,366,20.017,100.059,Unhealthy for Sensitive,#ff7e00,เวียงเชียงรุ้ง|เชียงราย
ควนขนุน,พัทลุง,14.9,3.78,9.89,25.18,366,7.764,100.06,Moderate,#ffff00,ควนขนุน|พัทลุง
สามชุก,สุพรรณบุรี,24.15,11.33,9.91,53.7,366,14.756,100.066,Moderate,#ffff00,สามชุก|สุพรรณบุรี
เมืองสุพรรณบุรี,สุพรรณบุรี,22.24,12.2,6.36,56.44,366,14.49,100.067,Moderate,#ffff00,เมืองสุพรรณบุรี|สุพรรณบุรี
ดอนตูม,นครปฐม,23.18,10.47,10.19,53.86,366,13.949,100.092,Moderate,#ffff00,ดอนตูม|นครปฐม
วชิรบารมี,พิจิตร,26.44,16.73,7.59,68.51,366,16.519,100.097,Unhealthy for Sensitive,#ff7e00,วชิรบารมี|พิจิตร
เก้าเลี้ยว,นครสวรรค์,24.97,13.12,9.39,56.06,366,15.88,100.099,Moderate,#ffff00,เก้าเลี้ยว|นครสวรรค์
เมืองนครสวรรค์,นครสวรรค์,24.13,12.37,8.58,56.52,366,15.716,100.102,Moderate,#ffff00,เมืองนครสวรรค์|นครสวรรค์
เมืองพัทลุง,พัทลุง,14.99,3.61,10.1,24.96,366,7.615,100.103,Moderate,#ffff00,เมืองพัทลุง|พัทลุง
พิชัย,อุตรดิตถ์,27.35,18.47,7.66,80.98,366,17.296,100.108,Unhealthy for Sensitive,#ff7e00,พิชัย|อุตรดิตถ์
บ้านแพ้ว,สมุทรสาคร,23.74,10.52,10.33,54.36,366,13.59,100.117,Moderate,#ffff00,บ้านแพ้ว|สมุทรสาคร
ควนโดน,สตูล,13.52,3.05,8.82,22.13,366,6.771,100.12,Moderate,#ffff00,ควนโดน|สตูล
สูงเม่น,แพร่,27.27,19.25,7.73,89.15,366,18.038,100.124,Unhealthy for Sensitive,#ff7e00,สูงเม่น|แพร่
เขาชัยสน,พัทลุง,15.13,3.38,10.35,24.59,366,7.477,100.128,Moderate,#ffff00,เขาชัยสน|พัทลุง
เมืองชัยนาท,ชัยนาท,26.71,13.65,10.47,61.14,366,15.191,100.131,Unhealthy for Sensitive,#ff7e00,เมืองชัยนาท|ชัยนาท
บึงนาราง,พิจิตร,25.76,15.03,8.54,61.54,366,16.191,100.133,Unhealthy for Sensitive,#ff7e00,บึงนาราง|พิจิตร
ตรอน,อุตรดิตถ์,26.95,17.7,7.82,77.89,366,17.468,100.134,Unhealthy for Sensitive,#ff7e00,ตรอน|อุตรดิตถ์
ป่าบอน,พัทลุง,15.4,2.93,10.86,23.94,366,7.232,100.135,Moderate,#ffff00,ป่าบอน|พัทลุง
เชียงแสน,เชียงราย,32.02,30.5,9,156.63,366,20.28,100.142,Unhealthy for Sensitive,#ff7e00,เชียงแสน|เชียงราย
สามง่าม,พิจิตร,26.21,16.39,7.65,64.85,366,16.45,100.142,Unhealthy for Sensitive,#ff7e00,สามง่าม|พิจิตร
จุน,พะเยา,27.93,21.36,7.76,101.17,366,19.368,100.143,Unhealthy for Sensitive,#ff7e00,จุน|พะเยา
บางปลาม้า,สุพรรณบุรี,23.06,10.92,9.03,49.45,366,14.352,100.147,Moderate,#ffff00,บางปลาม้า|สุพรรณบุรี
ศรีประจันต์,สุพรรณบุรี,23.59,11.26,9.2,51.16,366,14.632,100.149,Moderate,#ffff00,ศรีประจันต์|สุพรรณบุรี
ดอยหลวง,เชียงราย,30.38,27.93,8.29,140.73,366,20.138,100.152,Unhealthy for Sensitive,#ff7e00,ดอยหลวง|เชียงราย
เชียรใหญ่,นครศรีธรรมราช,15.23,4.13,9.62,27.14,366,8.121,100.152,Moderate,#ffff00,เชียรใหญ่|นครศรีธรรมราช
พญาเม็งราย,เชียงราย,28.1,23.83,7.52,116.88,366,19.879,100.153,Unhealthy for Sensitive,#ff7e00,พญาเม็งราย|เชียงราย
พรหมพิราม,พิษณุโลก,27.83,19.22,7.16,87.18,366,17.078,100.16,Unhealthy for Sensitive,#ff7e00,พรหมพิราม|พิษณุโลก
หนองม่วงไข่,แพร่,26.7,19.05,7.58,86.56,366,18.294,100.16,Unhealthy for Sensitive,#ff7e00,หนองม่วงไข่|แพร่
มโนรมย์,ชัยนาท,28.05,15.21,9.94,73.04,366,15.322,100.166,Unhealthy for Sensitive,#ff7e00,มโนรมย์|ชัยนาท
ปากพนัง,นครศรีธรรมราช,14.82,4.03,8.67,27.57,366,8.31,100.168,Moderate,#ffff00,ปากพนัง|นครศรีธรรมราช
สรรคบุรี,ชัยนาท,25.41,12.24,10.32,57.66,366,15.02,100.174,Unhealthy for Sensitive,#ff7e00,สรรคบุรี|ชัยนาท
นครชัยศรี,นครปฐม,23.66,10.3,10.54,54.2,366,13.822,100.179,Moderate,#ffff00,นครชัยศรี|นครปฐม
โพธิ์ประทับช้าง,พิจิตร,26,15.92,7.89,63.76,366,16.316,100.181,Unhealthy for Sensitive,#ff7e00,โพธิ์ประทับช้าง|พิจิตร
บางเลน,นครปฐม,23.44,10.1,10.67,53.52,366,14.047,100.186,Moderate,#ffff00,บางเลน|นครปฐม
บางแก้ว,พัทลุง,15.42,3.23,10.64,24.41,366,7.425,100.188,Moderate,#ffff00,บางแก้ว|พัทลุง
เมืองอุตรดิตถ์,อุตรดิตถ์,26.88,17.59,7.6,80.33,366,17.683,100.191,Unhealthy for Sensitive,#ff7e00,เมืองอุตรดิตถ์|อุตรดิตถ์
รัตภูมิ,สงขลา,15.59,2.58,11.29,23.55,366,7.077,100.195,Moderate,#ffff00,รัตภูมิ|สงขลา
เทิง,เชียงราย,27.86,22.31,7.77,107.69,366,19.693,100.197,Unhealthy for Sensitive,#ff7e00,เทิง|เชียงราย
พยุหะคีรี,นครสวรรค์,26.11,13.55,9.85,60.41,366,15.505,100.21,Unhealthy for Sensitive,#ff7e00,พยุหะคีรี|นครสวรรค์
สอง,แพร่,26.59,18.91,7.9,84.87,366,18.578,100.214,Unhealthy for Sensitive,#ff7e00,สอง|แพร่
สามพราน,นครปฐม,24.66,10.16,11.21,55.13,366,13.724,100.216,Moderate,#ffff00,สามพราน|นครปฐม
โพทะเล,พิจิตร,25.47,14.13,9.07,58.82,366,16.063,100.242,Unhealthy for Sensitive,#ff7e00,โพทะเล|พิจิตร
หัวไทร,นครศรีธรรมราช,15.59,4.19,9.91,26.81,366,8.009,100.244,Moderate,#ffff00,หัวไทร|นครศรีธรรมราช
เมืองแพร่,แพร่,27.45,19.42,7.62,90.99,366,18.115,100.246,Unhealthy for Sensitive,#ff7e00,เมืองแพร่|แพร่
เมืองสมุทรสาคร,สมุทรสาคร,25.11,12.54,8.84,58.01,366,13.531,100.252,Unhealthy for Sensitive,#ff7e00,เมืองสมุทรสาคร|สมุทรสาคร
สามโก้,อ่างทอง,23.81,11.1,9.71,53,366,14.605,100.253,Moderate,#ffff00,สามโก้|อ่างทอง
สรรพยา,ชัยนาท,25.81,12.63,10.52,58.75,366,15.15,100.255,Unhealthy for Sensitive,#ff7e00,สรรพยา|ชัยนาท
กระทุ่มแบน,สมุทรสาคร,25.46,10.25,11.54,56.18,366,13.659,100.273,Unhealthy for Sensitive,#ff7e00,กระทุ่มแบน|สมุทรสาคร
บางระจัน,สิงห์บุรี,25.59,12.74,8.75,63.54,366,14.896,100.277,Unhealthy for Sensitive,#ff7e00,บางระจัน|สิงห์บุรี
ขุนตาล,เชียงราย,28.22,23.1,7.92,113,366,19.876,100.279,Unhealthy for Sensitive,#ff7e00,ขุนตาล|เชียงราย
เมืองพิษณุโลก,พิษณุโลก,27.55,18.76,5.98,88.36,366,16.837,100.285,Unhealthy for Sensitive,#ff7e00,เมืองพิษณุโลก|พิษณุโลก
แสวงหา,อ่างทอง,24.89,11.77,9.9,56.65,366,14.749,100.286,Moderate,#ffff00,แสวงหา|อ่างทอง
พุทธมณฑล,นครปฐม,24.22,9.9,11.19,54.17,366,13.831,100.288,Moderate,#ffff00,พุทธมณฑล|นครปฐม
เชียงม่วน,พะเยา,27.56,19.68,8.48,91.9,366,18.94,100.288,Unhealthy for Sensitive,#ff7e00,เชียงม่วน|พะเยา
ชุมแสง,นครสวรรค์,25.04,13.05,9.58,55.96,366,15.847,100.292,Hazardous,#7e0023,ชุมแสง|นครสวรรค์
บางซ้าย,พระนครศรีอยุธยา,23.36,10.4,10.37,53.39,366,14.313,100.295,Moderate,#ffff00,บางซ้าย|พระนครศรีอยุธยา
กระแสสินธุ์,สงขลา,15.68,3.54,10.55,25,366,7.61,100.295,Moderate,#ffff00,กระแสสินธุ์|สงขลา
ระโนด,สงขลา,15.68,3.98,10.18,25.59,366,7.792,100.295,Moderate,#ffff00,ระโนด|สงขลา
ค่ายบางระจัน,สิงห์บุรี,25.47,12.58,8.94,62.63,366,14.821,100.306,Unhealthy for Sensitive,#ff7e00,ค่ายบางระจัน|สิงห์บุรี
ไทรน้อย,นนทบุรี,23.42,9.95,10.7,53.42,366,14.007,100.309,Moderate,#ffff00,ไทรน้อย|นนทบุรี
วิเศษชัยชาญ,อ่างทอง,23.82,10.91,10.04,54.08,366,14.555,100.312,Moderate,#ffff00,วิเศษชัยชาญ|อ่างทอง
ปากพะยูน,พัทลุง,15.85,2.87,11.23,24.34,366,7.37,100.318,Moderate,#ffff00,ปากพะยูน|พัทลุง
ผักไห่,พระนครศรีอยุธยา,23.53,10.66,10.16,54.08,366,14.452,100.341,Moderate,#ffff00,ผักไห่|พระนครศรีอยุธยา
คลองหอยโข่ง,สงขลา,15.72,2.34,11.67,23.24,366,6.857,100.341,Moderate,#ffff00,คลองหอยโข่ง|สงขลา
เชียงของ,เชียงราย,29.56,25.33,8.49,126.4,366,20.152,100.344,Unhealthy for Sensitive,#ff7e00,เชียงของ|เชียงราย
โพธิ์ทอง,อ่างทอง,24.62,11.39,10.17,56.59,366,14.677,100.344,Moderate,#ffff00,โพธิ์ทอง|อ่างทอง
บางกระทุ่ม,พิษณุโลก,26.38,16.7,7.36,66.22,366,16.596,100.349,Unhealthy for Sensitive,#ff7e00,บางกระทุ่ม|พิษณุโลก
เชียงคำ,พะเยา,27.79,20.92,8.18,100.54,366,19.479,100.35,Unhealthy for Sensitive,#ff7e00,เชียงคำ|พะเยา
อินทร์บุรี,สิงห์บุรี,25.74,12.8,8.9,63.42,366,15.022,100.35,Unhealthy for Sensitive,#ff7e00,อินทร์บุรี|สิงห์บุรี
ลาดบัวหลวง,พระนครศรีอยุธยา,23.33,10.1,10.59,53.87,366,14.169,100.351,Moderate,#ffff00,ลาดบัวหลวง|พระนครศรีอยุธยา
หนองแขม,กรุงเทพมหานคร,25.98,10.05,12.17,57.05,366,13.695,100.355,Unhealthy for Sensitive,#ff7e00,หนองแขม|กรุงเทพมหานคร
ร้องกวาง,แพร่,26.88,18.63,8.1,84.27,366,18.312,100.355,Unhealthy for Sensitive,#ff7e00,ร้องกวาง|แพร่
ภูซาง,พะเยา,27.85,21.37,8.13,103.33,366,19.628,100.365,Unhealthy for Sensitive,#ff7e00,ภูซาง|พะเยา
วัดโบสถ์,พิษณุโลก,26.96,17.57,7.71,76.32,366,17.157,100.366,Unhealthy for Sensitive,#ff7e00,วัดโบสถ์|พิษณุโลก
เมืองพิจิตร,พิจิตร,26.07,16.71,6.31,70.31,366,16.411,100.367,Unhealthy for Sensitive,#ff7e00,เมืองพิจิตร|พิจิตร
ทวีวัฒนา,กรุงเทพมหานคร,24.51,9.75,11.5,54.22,366,13.775,100.368,Moderate,#ffff00,ทวีวัฒนา|กรุงเทพมหานคร
บางใหญ่,นนทบุรี,23.69,9.75,10.95,53.17,366,13.856,100.37,Moderate,#ffff00,บางใหญ่|นนทบุรี
เสนา,พระนครศรีอยุธยา,23.29,10.34,10.43,54.48,366,14.295,100.376,Moderate,#ffff00,เสนา|พระนครศรีอยุธยา
ปง,พะเยา,27.85,20.09,8.58,96.02,366,19.189,100.383,Unhealthy for Sensitive,#ff7e00,ปง|พะเยา
ควนเนียง,สงขลา,16.22,2.25,12.09,23.72,366,7.185,100.386,Moderate,#ffff00,ควนเนียง|สงขลา
ตาคลี,นครสวรรค์,25.67,12.5,10.52,58.28,366,15.26,100.387,Unhealthy for Sensitive,#ff7e00,ตาคลี|นครสวรรค์
ท่าช้าง,สิงห์บุรี,25.62,12.65,8.9,63.88,366,14.78,100.391,Unhealthy for Sensitive,#ff7e00,ท่าช้าง|สิงห์บุรี
บางบอน,กรุงเทพมหานคร,27.74,10.22,13.85,62.31,366,13.656,100.392,Unhealthy for Sensitive,#ff7e00,บางบอน|กรุงเทพมหานคร
บางบัวทอง,นนทบุรี,23.26,9.87,10.56,52.95,366,13.931,100.394,Moderate,#ffff00,บางบัวทอง|นนทบุรี
ทองแสนขัน,อุตรดิตถ์,26.7,17.34,8.05,73.67,366,17.493,100.394,Unhealthy for Sensitive,#ff7e00,ทองแสนขัน|อุตรดิตถ์
บางแค,กรุงเทพมหานคร,25.01,9.74,11.92,55.19,366,13.716,100.395,Hazardous,#7e0023,บางแค|กรุงเทพมหานคร
บางกล่ำ,สงขลา,16.44,2.09,12.45,23.48,366,7.063,100.402,Moderate,#ffff00,บางกล่ำ|สงขลา
เมืองสิงห์บุรี,สิงห์บุรี,26.41,14.8,5.42,79.86,366,14.91,100.402,Unhealthy for Sensitive,#ff7e00,เมืองสิงห์บุรี|สิงห์บุรี
ลาดหลุมแก้ว,ปทุมธานี,23.23,9.99,10.5,53.57,366,14.048,100.407,Moderate,#ffff00,ลาดหลุมแก้ว|ปทุมธานี
ตะพานหิน,พิจิตร,25.76,15.1,8.46,60.41,366,16.21,100.41,Unhealthy for Sensitive,#ff7e00,ตะพานหิน|พิจิตร
สทิงพระ,สงขลา,15.96,3.2,11.02,24.83,366,7.485,100.411,Moderate,#ffff00,สทิงพระ|สงขลา
บางกรวย,นนทบุรี,23.66,9.6,11.05,52.63,366,13.813,100.422,Moderate,#ffff00,บางกรวย|นนทบุรี
บางมูลนาก,พิจิตร,25.41,13.87,9.31,57.73,366,16.032,100.427,Unhealthy for Sensitive,#ff7e00,บางมูลนาก|พิจิตร
บางขุนเทียน,กรุงเทพมหานคร,26.28,9.94,12.9,58.95,366,13.589,100.428,Unhealthy for Sensitive,#ff7e00,บางขุนเทียน|กรุงเทพมหานคร
สะเดา,สงขลา,15.05,2.72,10.67,22.98,366,6.673,100.43,Moderate,#ffff00,สะเดา|สงขลา
ตลิ่งชัน,กรุงเทพมหานคร,24.04,9.55,11.4,52.83,366,13.772,100.435,Moderate,#ffff00,ตลิ่งชัน|กรุงเทพมหานคร
ภาษีเจริญ,กรุงเทพมหานคร,24.37,9.57,11.63,53.41,366,13.723,100.441,Moderate,#ffff00,ภาษีเจริญ|กรุงเทพมหานคร
เมืองอ่างทอง,อ่างทอง,24.27,10.94,10.47,57.02,366,14.579,100.443,Moderate,#ffff00,เมืองอ่างทอง|อ่างทอง
บ้านหลวง,น่าน,28.39,19.34,9.1,92.69,366,18.845,100.445,Unhealthy for Sensitive,#ff7e00,บ้านหลวง|น่าน
พรหมบุรี,สิงห์บุรี,25.74,12.61,9.21,63.69,366,14.785,100.446,Unhealthy for Sensitive,#ff7e00,พรหมบุรี|สิงห์บุรี
ป่าโมก,อ่างทอง,23.65,10.7,10.34,56.28,366,14.49,100.453,Moderate,#ffff00,ป่าโมก|อ่างทอง
ท่าตะโก,นครสวรรค์,25.2,12.72,10.06,55.65,366,15.656,100.454,Unhealthy for Sensitive,#ff7e00,ท่าตะโก|นครสวรรค์
จอมทอง,กรุงเทพมหานคร,24.29,9.48,11.65,53.38,366,13.687,100.463,Moderate,#ffff00,จอมทอง|กรุงเทพมหานคร
ไชโย,อ่างทอง,25.03,11.47,10.42,59.2,366,14.673,100.465,Hazardous,#7e0023,ไชโย|อ่างทอง
บางบาล,พระนครศรีอยุธยา,23,10.7,9.55,56.36,366,14.386,100.466,Moderate,#ffff00,บางบาล|พระนครศรีอยุธยา
ท่าปลา,อุตรดิตถ์,26.66,17.72,8.13,74.83,366,17.864,100.471,Unhealthy for Sensitive,#ff7e00,ท่าปลา|อุตรดิตถ์
บางกอกน้อย,กรุงเทพมหานคร,24.15,9.53,11.52,52.64,366,13.763,100.472,Moderate,#ffff00,บางกอกน้อย|กรุงเทพมหานคร
เวียงแก่น,เชียงราย,28.48,22.88,8.31,112.78,366,20.005,100.472,Unhealthy for Sensitive,#ff7e00,เวียงแก่น|เชียงราย
บางกอกใหญ่,กรุงเทพมหานคร,24.48,9.74,11.56,53.7,366,13.735,100.476,Moderate,#ffff00,บางกอกใหญ่|กรุงเทพมหานคร
ตากฟ้า,นครสวรรค์,25.44,12.4,10.45,57.22,366,15.381,100.476,Unhealthy for Sensitive,#ff7e00,ตากฟ้า|นครสวรรค์
บางไทร,พระนครศรีอยุธยา,23.17,10.25,10.31,54.97,366,14.218,100.482,Moderate,#ffff00,บางไทร|พระนครศรีอยุธยา
ธนบุรี,กรุงเทพมหานคร,24.26,9.58,11.42,52.99,366,13.715,100.485,Moderate,#ffff00,ธนบุรี|กรุงเทพมหานคร
สิงหนคร,สงขลา,16.23,2.36,12,23.96,366,7.268,100.489,Moderate,#ffff00,สิงหนคร|สงขลา
เมืองนนทบุรี,นนทบุรี,22.04,9.91,9.5,51.97,366,13.857,100.491,Moderate,#ffff00,เมืองนนทบุรี|นนทบุรี
บางพลัด,กรุงเทพมหานคร,23.35,9.31,11.04,51.15,366,13.788,100.494,Moderate,#ffff00,บางพลัด|กรุงเทพมหานคร
ทุ่งครุ,กรุงเทพมหานคร,22.9,9.21,10.66,51.63,366,13.629,100.496,Moderate,#ffff00,ทุ่งครุ|กรุงเทพมหานคร
ปากเกร็ด,นนทบุรี,22.35,10.45,9.31,52.45,366,13.924,100.497,Moderate,#ffff00,ปากเกร็ด|นนทบุรี
พระนคร,กรุงเทพมหานคร,24.3,9.49,11.75,52.33,366,13.755,100.498,Moderate,#ffff00,พระนคร|กรุงเทพมหานคร
ราษฎร์บูรณะ,กรุงเทพมหานคร,23.11,9.17,10.94,51.33,366,13.673,100.5,Moderate,#ffff00,ราษฎร์บูรณะ|กรุงเทพมหานคร
คลองสาน,กรุงเทพมหานคร,24.36,9.54,11.65,52.54,366,13.723,100.502,Moderate,#ffff00,คลองสาน|กรุงเทพมหานคร
ท่าวุ้ง,ลพบุรี,25.98,12.72,9.45,64.35,366,14.829,100.507,Unhealthy for Sensitive,#ff7e00,ท่าวุ้ง|ลพบุรี
สากเหล็ก,พิจิตร,26.1,16.03,7.87,63.47,366,16.506,100.508,Unhealthy for Sensitive,#ff7e00,สากเหล็ก|พิจิตร
บางคอแหลม,กรุงเทพมหานคร,23.67,9.22,11.47,50.97,366,13.697,100.509,Moderate,#ffff00,บางคอแหลม|กรุงเทพมหานคร
สัมพันธวงศ์,กรุงเทพมหานคร,24.52,9.45,12.01,51.78,366,13.739,100.509,Moderate,#ffff00,สัมพันธวงศ์|กรุงเทพมหานคร
ป้อมปราบศัตรูพ่าย,กรุงเทพมหานคร,24.48,9.34,12.13,51.43,366,13.751,100.511,Moderate,#ffff00,ป้อมปราบศัตรูพ่าย|กรุงเทพมหานคร
พระสมุทรเจดีย์,สมุทรปราการ,23.89,9.48,11.49,53.42,366,13.553,100.516,Moderate,#ffff00,พระสมุทรเจดีย์|สมุทรปราการ
ดุสิต,กรุงเทพมหานคร,22.42,8.97,10.4,49.2,366,13.78,100.518,Moderate,#ffff00,ดุสิต|กรุงเทพมหานคร
สามโคก,ปทุมธานี,23.16,10.29,10.25,55.24,366,14.082,100.523,Moderate,#ffff00,สามโคก|ปทุมธานี
บางรัก,กรุงเทพมหานคร,24.95,9.12,12.88,49.88,366,13.727,100.524,Moderate,#ffff00,บางรัก|กรุงเทพมหานคร
บางซื่อ,กรุงเทพมหานคร,21.96,9.48,9.67,50.68,366,13.82,100.529,Moderate,#ffff00,บางซื่อ|กรุงเทพมหานคร
เมืองปทุมธานี,ปทุมธานี,22.87,10.31,9.92,54.18,366,13.993,100.535,Moderate,#ffff00,เมืองปทุมธานี|ปทุมธานี
ปทุมวัน,กรุงเทพมหานคร,25.51,9.11,13.25,50.73,366,13.739,100.536,Unhealthy for Sensitive,#ff7e00,ปทุมวัน|กรุงเทพมหานคร
มหาราช,พระนครศรีอยุธยา,24.45,10.93,10.61,58.36,366,14.574,100.537,Moderate,#ffff00,มหาราช|พระนครศรีอยุธยา
ราชเทวี,กรุงเทพมหานคร,27.55,9.35,15.03,54.87,366,13.757,100.538,Unhealthy for Sensitive,#ff7e00,ราชเทวี|กรุงเทพมหานคร
ยานนาวา,กรุงเทพมหานคร,22.95,8.96,11.18,49.73,366,13.69,100.539,Moderate,#ffff00,ยานนาวา|กรุงเทพมหานคร
วังทรายพูน,พิจิตร,25.94,15.65,8.1,62.73,366,16.379,100.541,Unhealthy for Sensitive,#ff7e00,วังทรายพูน|พิจิตร
พญาไท,กรุงเทพมหานคร,18.53,8.37,6.85,43.94,366,13.782,100.545,Moderate,#ffff00,พญาไท|กรุงเทพมหานคร
บางปะหัน,พระนครศรีอยุธยา,23.43,10.74,10,57.16,366,14.474,100.546,Moderate,#ffff00,บางปะหัน|พระนครศรีอยุธยา
บ้านแพรก,พระนครศรีอยุธยา,25.13,11.34,10.74,60.4,366,14.644,100.547,Unhealthy for Sensitive,#ff7e00,บ้านแพรก|พระนครศรีอยุธยา
บ้านหมี่,ลพบุรี,25.6,12.13,10.15,59.38,366,15.062,100.55,Unhealthy for Sensitive,#ff7e00,บ้านหมี่|ลพบุรี
พระประแดง,สมุทรปราการ,23.01,9.24,10.53,52.17,366,13.654,100.554,Moderate,#ffff00,พระประแดง|สมุทรปราการ
พระนครศรีอยุธยา,พระนครศรีอยุธยา,22.17,11.2,7.79,57.99,366,14.352,100.56,Moderate,#ffff00,พระนครศรีอยุธยา|พระนครศรีอยุธยา
ดินแดง,กรุงเทพมหานคร,25.45,9.24,13.29,53.05,366,13.775,100.563,Unhealthy for Sensitive,#ff7e00,ดินแดง|กรุงเทพมหานคร
จตุจักร,กรุงเทพมหานคร,22.6,9.6,10.02,51.31,366,13.826,100.565,Moderate,#ffff00,จตุจักร|กรุงเทพมหานคร
หลักสี่,กรุงเทพมหานคร,22.15,10.17,9.35,52.06,366,13.88,100.568,Moderate,#ffff00,หลักสี่|กรุงเทพมหานคร
นาหม่อม,สงขลา,16.41,2.1,12.41,23.52,366,6.951,100.568,Moderate,#ffff00,นาหม่อม|สงขลา
คลองเตย,กรุงเทพมหานคร,23.45,8.96,11.68,49.52,366,13.716,100.572,Moderate,#ffff00,คลองเตย|กรุงเทพมหานคร
วังทอง,พิษณุโลก,26.47,16.5,7.88,69.74,366,16.822,100.577,Unhealthy for Sensitive,#ff7e00,วังทอง|พิษณุโลก
ห้วยขวาง,กรุงเทพมหานคร,23.97,9.15,11.96,51.41,366,13.767,100.583,Moderate,#ffff00,ห้วยขวาง|กรุงเทพมหานคร
วัฒนา,กรุงเทพมหานคร,23.9,9.02,12.1,50.62,366,13.732,100.584,Moderate,#ffff00,วัฒนา|กรุงเทพมหานคร
บางปะอิน,พระนครศรีอยุธยา,23.03,10.39,10.09,55.78,366,14.233,100.592,Moderate,#ffff00,บางปะอิน|พระนครศรีอยุธยา
ดอนเมือง,กรุงเทพมหานคร,22.59,10.19,9.74,52.68,366,13.925,100.593,Moderate,#ffff00,ดอนเมือง|กรุงเทพมหานคร
ทับคล้อ,พิจิตร,25.59,14.47,8.97,59.03,366,16.194,100.595,Unhealthy for Sensitive,#ff7e00,ทับคล้อ|พิจิตร
เมืองสงขลา,สงขลา,16.38,2.15,12.31,23.67,366,7.121,100.598,Moderate,#ffff00,เมืองสงขลา|สงขลา
ลาดพร้าว,กรุงเทพมหานคร,23.11,9.66,10.29,51.68,366,13.825,100.608,Moderate,#ffff00,ลาดพร้าว|กรุงเทพมหานคร
วังทองหลาง,กรุงเทพมหานคร,21.61,8.07,11.29,47.54,366,13.779,100.609,Moderate,#ffff00,วังทองหลาง|กรุงเทพมหานคร
พระโขนง,กรุงเทพมหานคร,23.03,9.3,10.87,52.61,366,13.693,100.614,Moderate,#ffff00,พระโขนง|กรุงเทพมหานคร
ดอนพุด,สระบุรี,25.14,11.09,10.93,60.43,366,14.609,100.615,Unhealthy for Sensitive,#ff7e00,ดอนพุด|สระบุรี
ดงเจริญ,พิจิตร,25.32,13.59,9.58,56.65,366,16.001,100.616,Unhealthy for Sensitive,#ff7e00,ดงเจริญ|พิจิตร
บางนา,กรุงเทพมหานคร,22.61,9.49,10.2,53.9,366,13.669,100.619,Moderate,#ffff00,บางนา|กรุงเทพมหานคร
หนองบัว,นครสวรรค์,25.18,13.06,9.95,54.96,366,15.865,100.623,Unhealthy for Sensitive,#ff7e00,หนองบัว|นครสวรรค์
นครหลวง,พระนครศรีอยุธยา,23.62,10.69,10.28,57.57,366,14.468,100.625,Moderate,#ffff00,นครหลวง|พระนครศรีอยุธยา
สวนหลวง,กรุงเทพมหานคร,23.05,8.92,11.43,50.71,366,13.726,100.628,Moderate,#ffff00,สวนหลวง|กรุงเทพมหานคร
บางเขน,กรุงเทพมหานคร,22.9,9.62,10.43,51.83,366,13.867,100.63,Moderate,#ffff00,บางเขน|กรุงเทพมหานคร
นาหมื่น,น่าน,26.82,17.97,8.41,79.33,366,18.138,100.633,Unhealthy for Sensitive,#ff7e00,นาหมื่น|น่าน
บางกะปิ,กรุงเทพมหานคร,22.12,8.38,11.35,48.64,366,13.769,100.64,Moderate,#ffff00,บางกะปิ|กรุงเทพมหานคร
บึงกุ่ม,กรุงเทพมหานคร,22.86,9.14,10.91,50.74,366,13.809,100.651,Moderate,#ffff00,บึงกุ่ม|กรุงเทพมหานคร
เมืองสมุทรปราการ,สมุทรปราการ,25.49,9.63,13.19,57.69,366,13.569,100.651,Unhealthy for Sensitive,#ff7e00,เมืองสมุทรปราการ|สมุทรปราการ
สายไหม,กรุงเทพมหานคร,22.95,9.74,10.43,52.45,366,13.906,100.653,Moderate,#ffff00,สายไหม|กรุงเทพมหานคร
สองแคว,น่าน,27.86,20.56,8.39,104.37,366,19.405,100.664,Unhealthy for Sensitive,#ff7e00,สองแคว|น่าน
เมืองน่าน,น่าน,30.67,19.75,9.77,100.28,366,18.886,100.665,Unhealthy for Sensitive,#ff7e00,เมืองน่าน|น่าน
ชาติตระการ,พิษณุโลก,26.33,16.62,8.38,69.07,366,17.394,100.673,Unhealthy for Sensitive,#ff7e00,ชาติตระการ|พิษณุโลก
นาทวี,สงขลา,15.53,2.78,11.19,23.73,366,6.64,100.676,Moderate,#ffff00,นาทวี|สงขลา
คันนายาว,กรุงเทพมหานคร,23.01,9.27,10.94,51.28,366,13.821,100.677,Moderate,#ffff00,คันนายาว|กรุงเทพมหานคร
ประเวศ,กรุงเทพมหานคร,23.37,9.21,11.4,52.14,366,13.699,100.677,Moderate,#ffff00,ประเวศ|กรุงเทพมหานคร
คลองหลวง,ปทุมธานี,23.2,10.28,10.28,55.68,366,14.094,100.677,Moderate,#ffff00,คลองหลวง|ปทุมธานี
ไพศาลี,นครสวรรค์,25.06,12.28,10.35,55.45,366,15.587,100.679,Hazardous,#7e0023,ไพศาลี|นครสวรรค์
เมืองลพบุรี,ลพบุรี,26.39,13.04,9.69,67.96,366,14.826,100.683,Unhealthy for Sensitive,#ff7e00,เมืองลพบุรี|ลพบุรี
สะพานสูง,กรุงเทพมหานคร,23.07,9.1,11.24,51.13,366,13.763,100.692,Moderate,#ffff00,สะพานสูง|กรุงเทพมหานคร
อุทัย,พระนครศรีอยุธยา,23.26,10.48,10.2,56.69,366,14.357,100.696,Moderate,#ffff00,อุทัย|พระนครศรีอยุธยา
หนองม่วง,ลพบุรี,25.16,11.73,10.63,57.41,366,15.286,100.7,Unhealthy for Sensitive,#ff7e00,หนองม่วง|ลพบุรี
หนองโดน,สระบุรี,26.42,11.61,11.38,64.27,366,14.699,100.703,Unhealthy for Sensitive,#ff7e00,หนองโดน|สระบุรี
จะนะ,สงขลา,16.11,2.36,12,23.83,366,6.897,100.704,Moderate,#ffff00,จะนะ|สงขลา
เวียงสา,น่าน,29.24,19.03,9.48,92.81,366,18.566,100.707,Unhealthy for Sensitive,#ff7e00,เวียงสา|น่าน
เนินมะปราง,พิษณุโลก,25.95,15.38,8.48,62.71,366,16.585,100.707,Unhealthy for Sensitive,#ff7e00,เนินมะปราง|พิษณุโลก
ท่าเรือ,พระนครศรีอยุธยา,24.94,10.73,11.09,59.8,366,14.538,100.708,Moderate,#ffff00,ท่าเรือ|พระนครศรีอยุธยา
บ้านหมอ,สระบุรี,26.13,11.05,11.47,62.36,366,14.611,100.718,Unhealthy for Sensitive,#ff7e00,บ้านหมอ|สระบุรี
วังน้อย,พระนครศรีอยุธยา,23.27,10.15,10.63,55.38,366,14.246,100.724,Moderate,#ffff00,วังน้อย|พระนครศรีอยุธยา
ภาชี,พระนครศรีอยุธยา,23.94,10.48,10.76,57.77,366,14.439,100.726,Moderate,#ffff00,ภาชี|พระนครศรีอยุธยา
บางพลี,สมุทรปราการ,23.63,9.12,12.02,52.08,366,13.625,100.726,Moderate,#ffff00,บางพลี|สมุทรปราการ
น้ำปาด,อุตรดิตถ์,26.38,16.94,8.45,71.89,366,17.704,100.729,Unhealthy for Sensitive,#ff7e00,น้ำปาด|อุตรดิตถ์
คลองสามวา,กรุงเทพมหานคร,23.13,9.49,10.88,52.21,366,13.875,100.739,Moderate,#ffff00,คลองสามวา|กรุงเทพมหานคร
นาน้อย,น่าน,27.27,17.98,9.08,81.43,366,18.322,100.748,Unhealthy for Sensitive,#ff7e00,นาน้อย|น่าน
ท่าวังผา,น่าน,28.65,19.64,9.46,98.23,366,19.13,100.749,Unhealthy for Sensitive,#ff7e00,ท่าวังผา|น่าน
มีนบุรี,กรุงเทพมหานคร,23.18,9.34,11.1,51.85,366,13.809,100.755,Moderate,#ffff00,มีนบุรี|กรุงเทพมหานคร
ธัญบุรี,ปทุมธานี,23.16,9.86,10.63,53.91,366,14.03,100.762,Moderate,#ffff00,ธัญบุรี|ปทุมธานี
โคกสำโรง,ลพบุรี,25.59,11.51,10.89,60.08,366,15.055,100.768,Unhealthy for Sensitive,#ff7e00,โคกสำโรง|ลพบุรี
ลำลูกกา,ปทุมธานี,23.14,9.69,10.76,53.2,366,13.978,100.79,Moderate,#ffff00,ลำลูกกา|ปทุมธานี
ลาดกระบัง,กรุงเทพมหานคร,23.25,9.26,11.33,51.82,366,13.745,100.792,Moderate,#ffff00,ลาดกระบัง|กรุงเทพมหานคร
หนองแซง,สระบุรี,24.44,10.48,11.2,59.41,366,14.484,100.804,Moderate,#ffff00,หนองแซง|สระบุรี
วังโป่ง,เพชรบูรณ์,25.67,14.6,8.96,58.86,366,16.351,100.806,Unhealthy for Sensitive,#ff7e00,วังโป่ง|เพชรบูรณ์
เกาะสีชัง,ชลบุรี,20.32,8.79,9.45,44.42,366,13.151,100.809,Moderate,#ffff00,เกาะสีชัง|ชลบุรี
บางเสาธง,สมุทรปราการ,23.15,8.89,11.81,50.31,366,13.639,100.811,Moderate,#ffff00,บางเสาธง|สมุทรปราการ
พระพุทธบาท,สระบุรี,29.69,11.76,12.7,73.3,366,14.722,100.817,Unhealthy for Sensitive,#ff7e00,พระพุทธบาท|สระบุรี
ชนแดน,เพชรบูรณ์,25.37,13.76,9.52,56.5,366,16.125,100.829,Unhealthy for Sensitive,#ff7e00,ชนแดน|เพชรบูรณ์
หนองเสือ,ปทุมธานี,23.19,9.81,10.82,54.29,366,14.161,100.838,Moderate,#ffff00,หนองเสือ|ปทุมธานี
เสาไห้,สระบุรี,26.14,10.87,11.79,63.06,366,14.575,100.839,Unhealthy for Sensitive,#ff7e00,เสาไห้|สระบุรี
โคกเจริญ,ลพบุรี,24.94,11.7,10.63,56.27,366,15.416,100.847,Moderate,#ffff00,โคกเจริญ|ลพบุรี
หนองจอก,กรุงเทพมหานคร,23.13,9.42,11.04,52.29,366,13.852,100.857,Moderate,#ffff00,หนองจอก|กรุงเทพมหานคร
บางบ่อ,สมุทรปราการ,22.92,8.85,11.63,49.81,366,13.584,100.864,Moderate,#ffff00,บางบ่อ|สมุทรปราการ
หนองแค,สระบุรี,23.72,10.15,11,57.15,366,14.369,100.864,Moderate,#ffff00,หนองแค|สระบุรี
ภูเพียง,น่าน,31.3,19.9,9.85,102.24,366,18.787,100.865,Unhealthy for Sensitive,#ff7e00,ภูเพียง|น่าน
นครไทย,พิษณุโลก,26.02,15.82,8.61,64.84,366,17.105,100.865,Unhealthy for Sensitive,#ff7e00,นครไทย|พิษณุโลก
สระโบสถ์,ลพบุรี,25.05,11.43,10.77,57.37,366,15.231,100.873,Hazardous,#7e0023,สระโบสถ์|ลพบุรี
ฟากท่า,อุตรดิตถ์,26.52,17.15,8.74,74.32,366,18.004,100.877,Unhealthy for Sensitive,#ff7e00,ฟากท่า|อุตรดิตถ์
เชียงกลาง,น่าน,28,20.73,8.37,109.3,366,19.302,100.89,Unhealthy for Sensitive,#ff7e00,เชียงกลาง|น่าน
สะบ้าย้อย,สงขลา,15.4,2.96,10.66,23.83,366,6.53,100.909,Moderate,#ffff00,สะบ้าย้อย|สงขลา
เทพา,สงขลา,15.77,2.9,11.5,24.24,366,6.789,100.91,Moderate,#ffff00,เทพา|สงขลา
เฉลิมพระเกียรติ,สระบุรี,30.8,11.97,13.17,76.85,366,14.661,100.91,Unhealthy for Sensitive,#ff7e00,เฉลิมพระเกียรติ|สระบุรี
สัตหีบ,ชลบุรี,19.9,8.5,9.5,46.15,366,12.711,100.918,Moderate,#ffff00,สัตหีบ|ชลบุรี
ทุ่งช้าง,น่าน,27.95,22.57,7.36,128.43,366,19.466,100.918,Unhealthy for Sensitive,#ff7e00,ทุ่งช้าง|น่าน
เมืองสระบุรี,สระบุรี,23.2,10.45,10.38,59.68,366,14.499,100.927,Moderate,#ffff00,เมืองสระบุรี|สระบุรี
บางปะกง,ฉะเชิงเทรา,22.13,9.15,10.67,49.68,366,13.532,100.961,Moderate,#ffff00,บางปะกง|ฉะเชิงเทรา
วิหารแดง,สระบุรี,23.36,9.84,10.9,56.07,366,14.346,100.98,Moderate,#ffff00,วิหารแดง|สระบุรี
กาบัง,ยะลา,15.06,2.94,10.17,23.33,366,6.351,100.985,Moderate,#ffff00,กาบัง|ยะลา
สันติสุข,น่าน,29.54,19.31,9.69,96.75,366,18.919,100.986,Unhealthy for Sensitive,#ff7e00,สันติสุข|น่าน
เขาค้อ,เพชรบูรณ์,25.78,14.94,8.84,60.65,366,16.654,100.989,Unhealthy for Sensitive,#ff7e00,เขาค้อ|เพชรบูรณ์
บางละมุง,ชลบุรี,19.76,8.48,9.31,45.7,366,12.922,100.99,Moderate,#ffff00,บางละมุง|ชลบุรี
ปัว,น่าน,28.2,19.86,9.07,102.27,366,19.165,100.993,Unhealthy for Sensitive,#ff7e00,ปัว|น่าน
นาแห้ว,เลย,25.97,16.16,8.68,70.15,366,17.442,100.995,Unhealthy for Sensitive,#ff7e00,นาแห้ว|เลย
เมืองชลบุรี,ชลบุรี,18.31,9.5,6.17,49.1,366,13.342,100.998,Moderate,#ffff00,เมืองชลบุรี|ชลบุรี
บึงสามพัน,เพชรบูรณ์,24.93,12.58,10.22,53.89,366,15.83,101.004,Moderate,#ffff00,บึงสามพัน|เพชรบูรณ์
องครักษ์,นครนายก,22.7,9.33,10.69,53.04,366,14.075,101.007,Moderate,#ffff00,องครักษ์|นครนายก
เมืองฉะเชิงเทรา,ฉะเชิงเทรา,22.73,9.31,11.02,51.7,366,13.719,101.014,Moderate,#ffff00,เมืองฉะเชิงเทรา|ฉะเชิงเทรา
พัฒนานิคม,ลพบุรี,25.86,10.97,11.4,60.37,366,14.913,101.021,Unhealthy for Sensitive,#ff7e00,พัฒนานิคม|ลพบุรี
บางน้ำเปรี้ยว,ฉะเชิงเทรา,22.84,9.37,10.91,52.45,366,13.883,101.029,Moderate,#ffff00,บางน้ำเปรี้ยว|ฉะเชิงเทรา
ศรีราชา,ชลบุรี,19.43,8.4,8.98,44.42,366,13.127,101.039,Moderate,#ffff00,ศรีราชา|ชลบุรี
บ้านฉาง,ระยอง,19.22,8.29,8.81,44.86,366,12.733,101.048,Moderate,#ffff00,บ้านฉาง|ระยอง
บ้านโคก,อุตรดิตถ์,26.64,17.11,9.04,76.06,366,18.138,101.058,Unhealthy for Sensitive,#ff7e00,บ้านโคก|อุตรดิตถ์
บ้านนา,นครนายก,22.24,9.15,10.46,53.35,366,14.269,101.063,Moderate,#ffff00,บ้านนา|นครนายก
แก่งคอย,สระบุรี,24.67,10.43,11.4,59.81,366,14.561,101.063,Moderate,#ffff00,แก่งคอย|สระบุรี
บ้านโพธิ์,ฉะเชิงเทรา,22.18,9.3,10.71,51.13,366,13.61,101.081,Moderate,#ffff00,บ้านโพธิ์|ฉะเชิงเทรา
พานทอง,ชลบุรี,21.12,9.24,9.75,48.54,366,13.463,101.086,Moderate,#ffff00,พานทอง|ชลบุรี
วิเชียรบุรี,เพชรบูรณ์,24.74,12.02,10.45,54.5,366,15.66,101.098,Moderate,#ffff00,วิเชียรบุรี|เพชรบูรณ์
แม่จริม,น่าน,28.68,18.62,9.56,90.47,366,18.717,101.101,Unhealthy for Sensitive,#ff7e00,แม่จริม|น่าน
โคกโพธิ์,ปัตตานี,15.62,2.97,9.59,24.15,366,6.701,101.123,Moderate,#ffff00,โคกโพธิ์|ปัตตานี
ยะหา,ยะลา,15.35,2.93,9.34,23.72,366,6.423,101.128,Moderate,#ffff00,ยะหา|ยะลา
เฉลิมพระเกียรติ,น่าน,28.06,24.15,6.69,144.29,366,19.506,101.132,Unhealthy for Sensitive,#ff7e00,เฉลิมพระเกียรติ|น่าน
ชัยบาดาล,ลพบุรี,24.77,11.12,10.86,56.7,366,15.2,101.134,Moderate,#ffff00,ชัยบาดาล|ลพบุรี
ศรีเทพ,เพชรบูรณ์,24.64,11.53,10.61,55.29,366,15.442,101.137,Moderate,#ffff00,ศรีเทพ|เพชรบูรณ์
หนองไผ่,เพชรบูรณ์,25.09,13.19,9.96,53.91,366,16.022,101.138,Hazardous,#7e0023,หนองไผ่|เพชรบูรณ์
วังม่วง,สระบุรี,25.37,10.72,11.37,59.34,366,14.822,101.14,Unhealthy for Sensitive,#ff7e00,วังม่วง|สระบุรี
นิคมพัฒนา,ระยอง,19.26,8.34,9.1,45.53,366,12.843,101.149,Moderate,#ffff00,นิคมพัฒนา|ระยอง
คลองเขื่อน,ฉะเชิงเทรา,22.47,9.38,10.76,52.34,366,13.778,101.153,Moderate,#ffff00,คลองเขื่อน|ฉะเชิงเทรา
หนองจิก,ปัตตานี,15.69,3.04,10.07,24.35,366,6.802,101.164,Moderate,#ffff00,หนองจิก|ปัตตานี
บ้านบึง,ชลบุรี,20.44,8.88,9.53,47.39,366,13.25,101.18,Moderate,#ffff00,บ้านบึง|ชลบุรี
เมืองเพชรบูรณ์,เพชรบูรณ์,26.15,15.75,7.99,70.33,366,16.383,101.182,Unhealthy for Sensitive,#ff7e00,เมืองเพชรบูรณ์|เพชรบูรณ์
บ่อเกลือ,น่าน,27.88,19.23,9.15,97.19,366,19.102,101.19,Unhealthy for Sensitive,#ff7e00,บ่อเกลือ|น่าน
ท่าหลวง,ลพบุรี,24.77,10.88,11.01,57.14,366,15.054,101.194,Moderate,#ffff00,ท่าหลวง|ลพบุรี
บางคล้า,ฉะเชิงเทรา,22.23,9.45,10.6,52.55,366,13.745,101.207,Moderate,#ffff00,บางคล้า|ฉะเชิงเทรา
ด่านซ้าย,เลย,25.66,15.72,8.83,70.36,366,17.231,101.218,Unhealthy for Sensitive,#ff7e00,ด่านซ้าย|เลย
พนัสนิคม,ชลบุรี,21.44,9.39,9.93,51.07,366,13.468,101.219,Moderate,#ffff00,พนัสนิคม|ชลบุรี
เบตง,ยะลา,11.61,2.2,7.34,18.44,366,5.862,101.229,Good,#00e400,เบตง|ยะลา
เมืองนครนายก,นครนายก,20.28,8.68,8.36,63.62,366,14.279,101.231,Moderate,#ffff00,เมืองนครนายก|นครนายก
แม่ลาน,ปัตตานี,15.62,2.94,8.82,24.05,366,6.671,101.233,Moderate,#ffff00,แม่ลาน|ปัตตานี
เมืองยะลา,ยะลา,15.64,2.92,8.36,23.97,366,6.553,101.241,Moderate,#ffff00,เมืองยะลา|ยะลา
บ้านสร้าง,ปราจีนบุรี,22.45,9.26,10.71,52.88,366,13.949,101.247,Moderate,#ffff00,บ้านสร้าง|ปราจีนบุรี
ปลวกแดง,ระยอง,19.16,9.01,8.53,48.64,366,12.979,101.251,Moderate,#ffff00,ปลวกแดง|ระยอง
ธารโต,ยะลา,13.68,2.69,9.38,21.35,366,6.074,101.255,Moderate,#ffff00,ธารโต|ยะลา
เมืองปัตตานี,ปัตตานี,15.72,3.12,10.25,24.51,366,6.852,101.263,Moderate,#ffff00,เมืองปัตตานี|ปัตตานี
หล่มเก่า,เพชรบูรณ์,25.55,15.05,9.04,64.18,366,16.992,101.277,Unhealthy for Sensitive,#ff7e00,หล่มเก่า|เพชรบูรณ์
มวกเหล็ก,สระบุรี,24.53,10.47,11.18,57.29,366,14.795,101.277,Moderate,#ffff00,มวกเหล็ก|สระบุรี
บันนังสตา,ยะลา,14.96,2.93,9.51,23.27,366,6.246,101.278,Moderate,#ffff00,บันนังสตา|ยะลา
ราชสาส์น,ฉะเชิงเทรา,22.35,9.48,10.7,52.98,366,13.788,101.283,Moderate,#ffff00,ราชสาส์น|ฉะเชิงเทรา
ยะรัง,ปัตตานี,15.62,2.97,8.95,24.11,366,6.698,101.312,Moderate,#ffff00,ยะรัง|ปัตตานี
หล่มสัก,เพชรบูรณ์,25.54,14.62,9.13,59.67,366,16.728,101.312,Unhealthy for Sensitive,#ff7e00,หล่มสัก|เพชรบูรณ์
บ้านค่าย,ระยอง,19.44,8.44,9.12,45.81,366,12.84,101.342,Moderate,#ffff00,บ้านค่าย|ระยอง
แปลงยาว,ฉะเชิงเทรา,21.35,9.88,9.23,53.77,366,13.557,101.343,Moderate,#ffff00,แปลงยาว|ฉะเชิงเทรา
ปากพลี,นครนายก,21.17,8.79,9.42,56.59,366,14.228,101.343,Moderate,#ffff00,ปากพลี|นครนายก
เมืองระยอง,ระยอง,19.12,8.32,8.69,44.13,366,12.717,101.348,Moderate,#ffff00,เมืองระยอง|ระยอง
ลำสนธิ,ลพบุรี,24.43,11.23,10.69,55.16,366,15.402,101.351,Moderate,#ffff00,ลำสนธิ|ลพบุรี
หนองใหญ่,ชลบุรี,20.29,8.78,9.64,47.91,366,13.126,101.375,Moderate,#ffff00,หนองใหญ่|ชลบุรี
เมืองปราจีนบุรี,ปราจีนบุรี,22.23,9.17,10.58,53.22,366,14.1,101.386,Moderate,#ffff00,เมืองปราจีนบุรี|ปราจีนบุรี
ยะหริ่ง,ปัตตานี,15.68,3.17,10.11,24.57,366,6.835,101.39,Moderate,#ffff00,ยะหริ่ง|ปัตตานี
ภูเรือ,เลย,25.57,16.79,7.81,83.51,366,17.403,101.391,Unhealthy for Sensitive,#ff7e00,ภูเรือ|เลย
เกาะจันทร์,ชลบุรี,21.42,9.27,10.17,50.67,366,13.398,101.393,Moderate,#ffff00,เกาะจันทร์|ชลบุรี
มายอ,ปัตตานี,15.59,3.03,9.24,24.23,366,6.707,101.4,Moderate,#ffff00,มายอ|ปัตตานี
ภักดีชุมพล,ชัยภูมิ,24.73,12.71,10.03,53.13,366,15.97,101.406,Moderate,#ffff00,ภักดีชุมพล|ชัยภูมิ
พนมสารคาม,ฉะเชิงเทรา,22.43,9.63,10.84,53.71,366,13.739,101.412,Moderate,#ffff00,พนมสารคาม|ฉะเชิงเทรา
ศรีมโหสถ,ปราจีนบุรี,23.22,9.81,11.51,55.53,366,13.88,101.42,Moderate,#ffff00,ศรีมโหสถ|ปราจีนบุรี
รามัน,ยะลา,15.49,2.99,8.91,24.06,366,6.49,101.433,Moderate,#ffff00,รามัน|ยะลา
ท่าลี่,เลย,25.65,17.31,7.45,88.06,366,17.617,101.439,Unhealthy for Sensitive,#ff7e00,ท่าลี่|เลย
ทุ่งยางแดง,ปัตตานี,15.53,3.03,9.14,24.2,366,6.639,101.451,Moderate,#ffff00,ทุ่งยางแดง|ปัตตานี
ปากช่อง,นครราชสีมา,23.65,10.09,11.07,55.28,366,14.619,101.457,Moderate,#ffff00,ปากช่อง|นครราชสีมา
เทพสถิต,ชัยภูมิ,24.35,11.72,10.33,53.91,366,15.597,101.474,Moderate,#ffff00,เทพสถิต|ชัยภูมิ
บ่อทอง,ชลบุรี,21.05,9.04,10.07,49.24,366,13.246,101.508,Moderate,#ffff00,บ่อทอง|ชลบุรี
ศรีสาคร,นราธิวาส,14.84,3.14,9.8,23.65,366,6.188,101.513,Moderate,#ffff00,ศรีสาคร|นราธิวาส
ปะนาเระ,ปัตตานี,15.6,3.26,10.2,24.69,366,6.807,101.516,Moderate,#ffff00,ปะนาเระ|ปัตตานี
รือเสาะ,นราธิวาส,15.14,3.14,9.44,24.11,366,6.378,101.517,Moderate,#ffff00,รือเสาะ|นราธิวาส
วังจันทร์,ระยอง,20.2,8.7,9.61,47.34,366,12.966,101.518,Moderate,#ffff00,วังจันทร์|ระยอง
ศรีมหาโพธิ,ปราจีนบุรี,24.71,10.73,12.94,60.72,366,13.887,101.54,Moderate,#ffff00,ศรีมหาโพธิ|ปราจีนบุรี
กะพ้อ,ปัตตานี,15.35,3.15,9.48,24.35,366,6.607,101.541,Moderate,#ffff00,กะพ้อ|ปัตตานี
ประจันตคาม,ปราจีนบุรี,22.9,9.62,11.08,54.29,366,14.228,101.556,Moderate,#ffff00,ประจันตคาม|ปราจีนบุรี
สายบุรี,ปัตตานี,15.39,3.24,9.85,24.55,366,6.697,101.578,Moderate,#ffff00,สายบุรี|ปัตตานี
น้ำหนาว,เพชรบูรณ์,25.25,14.51,9.39,62.82,366,16.846,101.589,Unhealthy for Sensitive,#ff7e00,น้ำหนาว|เพชรบูรณ์
สีคิ้ว,นครราชสีมา,24.09,10.62,11.09,55.2,366,14.944,101.6,Moderate,#ffff00,สีคิ้ว|นครราชสีมา
จะแนะ,นราธิวาส,14.67,3.2,9.76,23.49,366,6.039,101.612,Moderate,#ffff00,จะแนะ|นราธิวาส
หนองบัวแดง,ชัยภูมิ,24.73,13.02,9.87,53.51,366,16.199,101.623,Moderate,#ffff00,หนองบัวแดง|ชัยภูมิ
ภูหลวง,เลย,25.34,15.79,8.47,76.06,366,17.098,101.623,Unhealthy for Sensitive,#ff7e00,ภูหลวง|เลย
หนองบัวระเหว,ชัยภูมิ,24.19,12.23,9.77,54.51,366,15.836,101.633,Moderate,#ffff00,หนองบัวระเหว|ชัยภูมิ
ซับใหญ่,ชัยภูมิ,24.14,11.77,10.07,53.38,366,15.614,101.639,Moderate,#ffff00,ซับใหญ่|ชัยภูมิ
สนามชัยเขต,ฉะเชิงเทรา,22.45,9.61,10.99,53.2,366,13.619,101.646,Moderate,#ffff00,สนามชัยเขต|ฉะเชิงเทรา
บาเจาะ,นราธิวาส,14.95,3.31,9.34,24.42,366,6.546,101.648,Moderate,#ffff00,บาเจาะ|นราธิวาส
บำเหน็จณรงค์,ชัยภูมิ,24.16,11.47,10.37,53.94,366,15.468,101.652,Moderate,#ffff00,บำเหน็จณรงค์|ชัยภูมิ
แกลง,ระยอง,20.02,8.6,9.55,46.4,366,12.779,101.654,Moderate,#ffff00,แกลง|ระยอง
ไม้แก่น,ปัตตานี,15.03,3.34,9.46,24.52,366,6.614,101.675,Moderate,#ffff00,ไม้แก่น|ปัตตานี
เขาชะเมา,ระยอง,20.51,8.81,9.81,47.73,366,12.994,101.678,Moderate,#ffff00,เขาชะเมา|ระยอง
ยี่งอ,นราธิวาส,14.65,3.38,8.76,24.35,366,6.417,101.7,Moderate,#ffff00,ยี่งอ|นราธิวาส
ด่านขุนทด,นครราชสีมา,24.22,11.03,10.91,54.72,366,15.223,101.701,Moderate,#ffff00,ด่านขุนทด|นครราชสีมา
ระแงะ,นราธิวาส,14.76,3.35,9.12,24.3,366,6.247,101.708,Moderate,#ffff00,ระแงะ|นราธิวาส
วังสะพุง,เลย,25.47,18.01,6.3,97.05,366,17.274,101.714,Unhealthy for Sensitive,#ff7e00,วังสะพุง|เลย
คอนสาร,ชัยภูมิ,24.99,13.6,9.89,55.86,366,16.548,101.719,Moderate,#ffff00,คอนสาร|ชัยภูมิ
เมืองเลย,เลย,25.61,20.35,3.67,117.16,366,17.543,101.719,Unhealthy for Sensitive,#ff7e00,เมืองเลย|เลย
เชียงคาน,เลย,25.57,17.08,7.57,87.14,366,17.826,101.733,Unhealthy for Sensitive,#ff7e00,เชียงคาน|เลย
สุคิริน,นราธิวาส,14.77,3.34,9.93,23.7,366,5.911,101.736,Moderate,#ffff00,สุคิริน|นราธิวาส
ท่าตะเกียบ,ฉะเชิงเทรา,21.65,9.32,10.44,50.73,366,13.392,101.742,Moderate,#ffff00,ท่าตะเกียบ|ฉะเชิงเทรา
กบินทร์บุรี,ปราจีนบุรี,23.37,10.04,11.68,55.94,366,13.89,101.789,Moderate,#ffff00,กบินทร์บุรี|ปราจีนบุรี
เมืองนราธิวาส,นราธิวาส,14.5,3.42,8.42,24.39,366,6.395,101.813,Moderate,#ffff00,เมืองนราธิวาส|นราธิวาส
หนองหิน,เลย,25.22,15.53,8.55,75.04,366,17.074,101.82,Unhealthy for Sensitive,#ff7e00,หนองหิน|เลย
สูงเนิน,นครราชสีมา,24.29,10.69,11.62,55.14,366,14.859,101.828,Moderate,#ffff00,สูงเนิน|นครราชสีมา
บ้านเขว้า,ชัยภูมิ,23.51,12.79,8.07,68.43,366,15.825,101.837,Moderate,#ffff00,บ้านเขว้า|ชัยภูมิ
ภูกระดึง,เลย,25.09,14.45,9.42,64.89,366,16.895,101.84,Hazardous,#7e0023,ภูกระดึง|เลย
จัตุรัส,ชัยภูมิ,23.81,11.98,9.58,59.07,366,15.578,101.841,Moderate,#ffff00,จัตุรัส|ชัยภูมิ
เจาะไอร้อง,นราธิวาส,14.74,3.41,9,24.42,366,6.227,101.841,Moderate,#ffff00,เจาะไอร้อง|นราธิวาส
นาดี,ปราจีนบุรี,23.02,9.93,11.18,54.33,366,14.185,101.854,Moderate,#ffff00,นาดี|ปราจีนบุรี
แว้ง,นราธิวาส,15.04,3.51,10.02,24.32,366,5.898,101.866,Moderate,#ffff00,แว้ง|นราธิวาส
ภูผาม่าน,ขอนแก่น,24.98,13.8,9.75,58.68,366,16.718,101.868,Moderate,#ffff00,ภูผาม่าน|ขอนแก่น
วังน้ำเขียว,นครราชสีมา,23.26,10.1,11.07,54.26,366,14.433,101.871,Moderate,#ffff00,วังน้ำเขียว|นครราชสีมา
นายายอาม,จันทบุรี,19.17,8.35,8.61,43.94,366,12.739,101.872,Moderate,#ffff00,นายายอาม|จันทบุรี
แก่งหางแมว,จันทบุรี,20.78,8.98,9.92,48.29,366,13.094,101.884,Moderate,#ffff00,แก่งหางแมว|จันทบุรี
สุไหงปาดี,นราธิวาส,14.95,3.46,9.52,24.52,366,6.104,101.891,Moderate,#ffff00,สุไหงปาดี|นราธิวาส
เกษตรสมบูรณ์,ชัยภูมิ,24.47,12.8,9.82,53.41,366,16.294,101.903,Moderate,#ffff00,เกษตรสมบูรณ์|ชัยภูมิ
ขามทะเลสอ,นครราชสีมา,25.04,11.06,12.47,55.71,366,15.029,101.93,Hazardous,#7e0023,ขามทะเลสอ|นครราชสีมา
ปักธงชัย,นครราชสีมา,23.84,10.48,11.36,54.77,366,14.664,101.938,Moderate,#ffff00,ปักธงชัย|นครราชสีมา
ปากชม,เลย,25.46,16.12,8.41,78.75,366,17.913,101.957,Unhealthy for Sensitive,#ff7e00,ปากชม|เลย
เอราวัณ,เลย,25.26,16.64,7.39,86.17,366,17.287,101.975,Unhealthy for Sensitive,#ff7e00,เอราวัณ|เลย
ท่าใหม่,จันทบุรี,17.94,8.08,7.2,40.73,366,12.726,101.978,Moderate,#ffff00,ท่าใหม่|จันทบุรี
พระทองคำ,นครราชสีมา,24.16,11.32,10.72,54.21,366,15.355,101.985,Moderate,#ffff00,พระทองคำ|นครราชสีมา
เนินสง่า,ชัยภูมิ,23.72,12.03,9.43,60.73,366,15.557,101.992,Moderate,#ffff00,เนินสง่า|ชัยภูมิ
นาด้วง,เลย,25.36,17.39,6.77,92.46,366,17.542,101.996,Unhealthy for Sensitive,#ff7e00,นาด้วง|เลย
ตากใบ,นราธิวาส,14.9,3.48,9.22,24.65,366,6.239,101.999,Moderate,#ffff00,ตากใบ|นราธิวาส
ผาขาว,เลย,25.05,14.81,9.04,69.78,366,17.049,102.012,Hazardous,#7e0023,ผาขาว|เลย
โนนไทย,นครราชสีมา,24.76,11.12,11.93,55.31,366,15.191,102.024,Moderate,#ffff00,โนนไทย|นครราชสีมา
เขาฉกรรจ์,สระแก้ว,21.78,9.71,10.37,51.74,366,13.626,102.024,Moderate,#ffff00,เขาฉกรรจ์|สระแก้ว
วังน้ำเย็น,สระแก้ว,21.43,9.66,10.1,50.97,366,13.517,102.08,Moderate,#ffff00,วังน้ำเย็น|สระแก้ว
เมืองนครราชสีมา,นครราชสีมา,26.05,11.46,12.08,57.59,366,14.97,102.092,Unhealthy for Sensitive,#ff7e00,เมืองนครราชสีมา|นครราชสีมา
ชุมแพ,ขอนแก่น,24.87,13.28,10.02,55.16,366,16.62,102.093,Moderate,#ffff00,ชุมแพ|ขอนแก่น
เขาคิชฌกูฏ,จันทบุรี,19.79,8.67,8.93,45.62,366,12.954,102.096,Moderate,#ffff00,เขาคิชฌกูฏ|จันทบุรี
เมืองสระแก้ว,สระแก้ว,22.09,9.96,10.46,52.74,366,13.929,102.104,Moderate,#ffff00,เมืองสระแก้ว|สระแก้ว
วังสมบูรณ์,สระแก้ว,21.18,9.49,9.98,50.05,366,13.365,102.118,Moderate,#ffff00,วังสมบูรณ์|สระแก้ว
เมืองจันทบุรี,จันทบุรี,15.68,7.88,4.8,41.09,366,12.603,102.119,Moderate,#ffff00,เมืองจันทบุรี|จันทบุรี
แหลมสิงห์,จันทบุรี,17.08,7.93,6.31,39.11,366,12.467,102.123,Moderate,#ffff00,แหลมสิงห์|จันทบุรี
สีชมพู,ขอนแก่น,24.92,13.57,9.89,58.39,366,16.765,102.124,Moderate,#ffff00,สีชมพู|ขอนแก่น
นายูง,อุดรธานี,25.39,15.62,8.64,74.31,366,17.932,102.13,Unhealthy for Sensitive,#ff7e00,นายูง|อุดรธานี
บ้านเหลื่อม,นครราชสีมา,23.67,12.1,9.31,61.31,366,15.574,102.144,Moderate,#ffff00,บ้านเหลื่อม|นครราชสีมา
ภูเขียว,ชัยภูมิ,24.65,12.76,10.11,52.59,366,16.351,102.157,Moderate,#ffff00,ภูเขียว|ชัยภูมิ
ขามสะแกแสง,นครราชสีมา,24.05,11.41,10.55,54.22,366,15.382,102.17,Moderate,#ffff00,ขามสะแกแสง|นครราชสีมา
น้ำโสม,อุดรธานี,25.24,15.6,8.45,75.8,366,17.747,102.18,Unhealthy for Sensitive,#ff7e00,น้ำโสม|อุดรธานี
โชคชัย,นครราชสีมา,24.33,10.84,11.81,55.38,366,14.76,102.204,Moderate,#ffff00,โชคชัย|นครราชสีมา
แก้งคร้อ,ชัยภูมิ,24.22,12.52,9.63,57.64,366,16.132,102.211,Moderate,#ffff00,แก้งคร้อ|ชัยภูมิ
ครบุรี,นครราชสีมา,22.88,10.28,10.65,53.95,366,14.38,102.214,Moderate,#ffff00,ครบุรี|นครราชสีมา
สังคม,หนองคาย,25.45,15.46,8.65,71.89,366,18.064,102.216,Unhealthy for Sensitive,#ff7e00,สังคม|หนองคาย
มะขาม,จันทบุรี,17.6,8.06,6.76,39.78,366,12.736,102.222,Moderate,#ffff00,มะขาม|จันทบุรี
สอยดาว,จันทบุรี,20.72,9.25,9.62,48.59,366,13.184,102.232,Moderate,#ffff00,สอยดาว|จันทบุรี
แก้งสนามนาง,นครราชสีมา,23.61,12.36,8.99,63.56,366,15.702,102.247,Moderate,#ffff00,แก้งสนามนาง|นครราชสีมา
คอนสวรรค์,ชัยภูมิ,23.82,12.5,9.1,62.57,366,15.933,102.272,Moderate,#ffff00,คอนสวรรค์|ชัยภูมิ
โนนสูง,นครราชสีมา,24.33,11.18,11.33,55.26,366,15.212,102.276,Moderate,#ffff00,โนนสูง|นครราชสีมา
คลองหาด,สระแก้ว,20.64,9.91,9.18,50.22,366,13.477,102.277,Moderate,#ffff00,คลองหาด|สระแก้ว
เฉลิมพระเกียรติ,นครราชสีมา,24.88,11.12,12.32,55.89,366,14.98,102.291,Moderate,#ffff00,เฉลิมพระเกียรติ|นครราชสีมา
คง,นครราชสีมา,23.88,11.53,10.24,54.19,366,15.434,102.294,Moderate,#ffff00,คง|นครราชสีมา
ขลุง,จันทบุรี,17.69,8.02,6.99,39.78,366,12.54,102.298,Moderate,#ffff00,ขลุง|จันทบุรี
เกาะช้าง,ตราด,18.21,8.09,7.95,41.37,366,12.047,102.338,Moderate,#ffff00,เกาะช้าง|ตราด
บ้านแท่น,ชัยภูมิ,24.98,12.69,10.5,52.71,366,16.38,102.347,Moderate,#ffff00,บ้านแท่น|ชัยภูมิ
วัฒนานคร,สระแก้ว,20.45,10.36,8.57,51.02,366,13.893,102.361,Moderate,#ffff00,วัฒนานคร|สระแก้ว
แหลมงอบ,ตราด,17.18,7.82,7.14,40.68,366,12.221,102.365,Moderate,#ffff00,แหลมงอบ|ตราด
โป่งน้ำร้อน,จันทบุรี,19.89,8.83,8.88,45.93,366,12.939,102.369,Moderate,#ffff00,โป่งน้ำร้อน|จันทบุรี
บัวใหญ่,นครราชสีมา,23.8,11.83,9.79,54.66,366,15.589,102.379,Moderate,#ffff00,บัวใหญ่|นครราชสีมา
แวงน้อย,ขอนแก่น,23.95,12.16,9.61,56.96,366,15.809,102.414,Moderate,#ffff00,แวงน้อย|ขอนแก่น
เขาสมิง,ตราด,17.74,7.97,7.53,40.8,366,12.437,102.416,Moderate,#ffff00,เขาสมิง|ตราด
โพธิ์ตาก,หนองคาย,25.71,15.64,8.14,73.61,366,17.89,102.428,Unhealthy for Sensitive,#ff7e00,โพธิ์ตาก|หนองคาย
จักราช,นครราชสีมา,23.81,11.04,10.96,55.79,366,14.951,102.44,Moderate,#ffff00,จักราช|นครราชสีมา
หนองเรือ,ขอนแก่น,25.35,12.77,10.77,52.67,366,16.494,102.445,Unhealthy for Sensitive,#ff7e00,หนองเรือ|ขอนแก่น
บ้านผือ,อุดรธานี,25.05,15.01,8.2,70.89,366,17.677,102.445,Hazardous,#7e0023,บ้านผือ|อุดรธานี
แวงใหญ่,ขอนแก่น,24.21,12.24,9.85,55.62,366,15.928,102.459,Moderate,#ffff00,แวงใหญ่|ขอนแก่น
อรัญประเทศ,สระแก้ว,17.68,11.34,5.5,53.75,366,13.692,102.477,Moderate,#ffff00,อรัญประเทศ|สระแก้ว
เสิงสาง,นครราชสีมา,22.45,10.43,10.13,54.06,366,14.355,102.481,Moderate,#ffff00,เสิงสาง|นครราชสีมา
ศรีเชียงใหม่,หนองคาย,26.06,16.03,7.66,77.15,366,17.937,102.502,Unhealthy for Sensitive,#ff7e00,ศรีเชียงใหม่|หนองคาย
บัวลาย,นครราชสีมา,23.88,11.92,9.83,54.16,366,15.671,102.513,Moderate,#ffff00,บัวลาย|นครราชสีมา
มัญจาคีรี,ขอนแก่น,25.15,12.5,10.75,53.57,366,16.218,102.519,Unhealthy for Sensitive,#ff7e00,มัญจาคีรี|ขอนแก่น
กุดจับ,อุดรธานี,23.57,13.84,7.97,70.93,366,17.443,102.534,Moderate,#ffff00,กุดจับ|อุดรธานี
โนนแดง,นครราชสีมา,23.63,11.6,9.94,55.11,366,15.449,102.535,Moderate,#ffff00,โนนแดง|นครราชสีมา
พิมาย,นครราชสีมา,23.44,11.37,10.05,55.82,366,15.252,102.542,Moderate,#ffff00,พิมาย|นครราชสีมา
สีดา,นครราชสีมา,23.75,11.77,9.86,54.75,366,15.564,102.55,Moderate,#ffff00,สีดา|นครราชสีมา
เกาะกูด,ตราด,19.86,8.66,9.15,44.57,366,11.68,102.553,Moderate,#ffff00,เกาะกูด|ตราด
หนองกี่,บุรีรัมย์,22.91,10.9,10.06,55.91,366,14.726,102.556,Moderate,#ffff00,หนองกี่|บุรีรัมย์
ชนบท,ขอนแก่น,24.64,12.32,10.3,53.7,366,16.025,102.557,Moderate,#ffff00,ชนบท|ขอนแก่น
ท่าบ่อ,หนองคาย,26.12,16.16,7.36,78.12,366,17.798,102.564,Unhealthy for Sensitive,#ff7e00,ท่าบ่อ|หนองคาย
บ่อไร่,ตราด,18.69,8.32,8.14,41.96,366,12.558,102.571,Moderate,#ffff00,บ่อไร่|ตราด
โนนสุวรรณ,บุรีรัมย์,22.64,10.73,9.95,55.37,366,14.559,102.573,Moderate,#ffff00,โนนสุวรรณ|บุรีรัมย์
หนองวัวซอ,อุดรธานี,23.73,13.51,8.65,67.45,366,17.195,102.588,Moderate,#ffff00,หนองวัวซอ|อุดรธานี
พล,ขอนแก่น,24.14,12.09,9.96,54.17,366,15.809,102.591,Moderate,#ffff00,พล|ขอนแก่น
เมืองตราด,ตราด,16.27,7.65,6.24,40.25,366,12.265,102.597,Moderate,#ffff00,เมืองตราด|ตราด
บ้านฝาง,ขอนแก่น,26.22,12.68,10.79,54.48,366,16.496,102.615,Unhealthy for Sensitive,#ff7e00,บ้านฝาง|ขอนแก่น
ห้วยแถลง,นครราชสีมา,22.85,11.3,9.55,56.92,366,15.043,102.635,Moderate,#ffff00,ห้วยแถลง|นครราชสีมา
โคกสูง,สระแก้ว,19.94,10.55,7.87,50.7,366,13.849,102.642,Moderate,#ffff00,โคกสูง|สระแก้ว
หนองหงส์,บุรีรัมย์,22.48,11.22,9.26,57.26,366,14.869,102.659,Moderate,#ffff00,หนองหงส์|บุรีรัมย์
ปะคำ,บุรีรัมย์,22.3,10.64,9.7,54.96,366,14.405,102.667,Moderate,#ffff00,ปะคำ|บุรีรัมย์
พระยืน,ขอนแก่น,26.23,12.59,10.9,54.93,366,16.312,102.669,Unhealthy for Sensitive,#ff7e00,พระยืน|ขอนแก่น
อุบลรัตน์,ขอนแก่น,25.41,12.98,10.31,54.99,366,16.784,102.675,Unhealthy for Sensitive,#ff7e00,อุบลรัตน์|ขอนแก่น
โนนดินแดง,บุรีรัมย์,21.95,10.46,9.59,53.79,366,14.224,102.679,Moderate,#ffff00,โนนดินแดง|บุรีรัมย์
โนนศิลา,ขอนแก่น,24.67,12.3,10.38,54.19,366,15.967,102.684,Moderate,#ffff00,โนนศิลา|ขอนแก่น
ประทาย,นครราชสีมา,23.63,11.82,9.72,55.53,366,15.567,102.699,Moderate,#ffff00,ประทาย|นครราชสีมา
สระใคร,หนองคาย,24.9,15,7.69,70.99,366,17.666,102.702,Moderate,#ffff00,สระใคร|หนองคาย
ตาพระยา,สระแก้ว,21.36,10.39,9.13,52.68,366,14.047,102.721,Moderate,#ffff00,ตาพระยา|สระแก้ว
ชุมพวง,นครราชสีมา,22.73,11.6,9.08,57.34,366,15.265,102.753,Moderate,#ffff00,ชุมพวง|นครราชสีมา
นางรอง,บุรีรัมย์,22.13,11.07,9.05,57.07,366,14.635,102.761,Moderate,#ffff00,นางรอง|บุรีรัมย์
บ้านไผ่,ขอนแก่น,25.12,12.43,10.76,54.22,366,16.048,102.772,Unhealthy for Sensitive,#ff7e00,บ้านไผ่|ขอนแก่น
เขาสวนกวาง,ขอนแก่น,24.88,13.15,9.88,58.7,366,16.92,102.78,Moderate,#ffff00,เขาสวนกวาง|ขอนแก่น
หนองแสง,อุดรธานี,23.59,13.32,8.74,66.69,366,17.145,102.781,Moderate,#ffff00,หนองแสง|อุดรธานี
เมืองอุดรธานี,อุดรธานี,21.66,13.32,6.39,75.38,366,17.394,102.788,Moderate,#ffff00,เมืองอุดรธานี|อุดรธานี
หนองสองห้อง,ขอนแก่น,24.13,12.11,9.96,55.23,366,15.764,102.789,Moderate,#ffff00,หนองสองห้อง|ขอนแก่น
เมืองหนองคาย,หนองคาย,26.95,17.23,6.31,85.99,366,17.836,102.792,Unhealthy for Sensitive,#ff7e00,เมืองหนองคาย|หนองคาย
เมืองขอนแก่น,ขอนแก่น,27.38,12.74,10.9,59.84,366,16.463,102.804,Unhealthy for Sensitive,#ff7e00,เมืองขอนแก่น|ขอนแก่น
ชำนิ,บุรีรัมย์,21.47,11.53,7.97,59.27,366,14.788,102.829,Moderate,#ffff00,ชำนิ|บุรีรัมย์
คลองใหญ่,ตราด,19.6,8.62,8.87,43.91,366,11.852,102.835,Moderate,#ffff00,คลองใหญ่|ตราด
บ้านใหม่ไชยพจน์,บุรีรัมย์,23.54,11.93,9.54,56.27,366,15.574,102.849,Moderate,#ffff00,บ้านใหม่ไชยพจน์|บุรีรัมย์
เปือยน้อย,ขอนแก่น,24.59,12.32,10.28,55.19,366,15.894,102.863,Moderate,#ffff00,เปือยน้อย|ขอนแก่น
ลำปลายมาศ,บุรีรัมย์,21.08,11.87,7.28,60.51,366,15.016,102.869,Moderate,#ffff00,ลำปลายมาศ|บุรีรัมย์
น้ำพอง,ขอนแก่น,26.09,12.84,10.56,54.64,366,16.702,102.879,Unhealthy for Sensitive,#ff7e00,น้ำพอง|ขอนแก่น
ละหานทราย,บุรีรัมย์,21.96,10.75,9.22,55.42,366,14.334,102.885,Moderate,#ffff00,ละหานทราย|บุรีรัมย์
เมืองยาง,นครราชสีมา,23.02,11.84,9.1,57.29,366,15.44,102.886,Moderate,#ffff00,เมืองยาง|นครราชสีมา
เฉลิมพระเกียรติ,บุรีรัมย์,21.81,11.18,8.62,57.74,366,14.563,102.893,Moderate,#ffff00,เฉลิมพระเกียรติ|บุรีรัมย์
โนนสะอาด,อุดรธานี,24.81,13.17,9.81,59.29,366,16.951,102.897,Moderate,#ffff00,โนนสะอาด|อุดรธานี
ลำทะเมนชัย,นครราชสีมา,22.3,11.8,8.45,58.56,366,15.287,102.905,Moderate,#ffff00,ลำทะเมนชัย|นครราชสีมา
เพ็ญ,อุดรธานี,24.47,14.5,7.88,69.79,366,17.665,102.929,Moderate,#ffff00,เพ็ญ|อุดรธานี
นาโพธิ์,บุรีรัมย์,23.9,12.13,9.72,56.23,366,15.696,102.938,Moderate,#ffff00,นาโพธิ์|บุรีรัมย์
กุดรัง,มหาสารคาม,25.26,12.57,10.76,55.14,366,16.046,102.957,Unhealthy for Sensitive,#ff7e00,กุดรัง|มหาสารคาม
กุมภวาปี,อุดรธานี,24.21,13.27,9.34,62.75,366,17.092,102.991,Moderate,#ffff00,กุมภวาปี|อุดรธานี
โกสุมพิสัย,มหาสารคาม,26.27,12.74,10.85,55.11,366,16.245,102.995,Unhealthy for Sensitive,#ff7e00,โกสุมพิสัย|มหาสารคาม
พุทไธสง,บุรีรัมย์,23.27,12.01,9.18,57.33,366,15.532,102.997,Moderate,#ffff00,พุทไธสง|บุรีรัมย์
คูเมือง,บุรีรัมย์,21.8,11.98,7.83,59.94,366,15.271,103.038,Moderate,#ffff00,คูเมือง|บุรีรัมย์
นาเชือก,มหาสารคาม,24.32,12.37,9.95,56.41,366,15.807,103.042,Moderate,#ffff00,นาเชือก|มหาสารคาม
สร้างคอม,อุดรธานี,24.93,14.74,8.16,68.53,366,17.79,103.05,Moderate,#ffff00,สร้างคอม|อุดรธานี
ซำสูง,ขอนแก่น,26.57,12.95,10.7,55.95,366,16.564,103.051,Unhealthy for Sensitive,#ff7e00,ซำสูง|ขอนแก่น
เมืองบุรีรัมย์,บุรีรัมย์,18.98,12.76,4.73,66.04,366,14.942,103.059,Moderate,#ffff00,เมืองบุรีรัมย์|บุรีรัมย์
ประโคนชัย,บุรีรัมย์,21.23,11.62,7.7,60.12,366,14.609,103.061,Moderate,#ffff00,ประโคนชัย|บุรีรัมย์
พิบูลย์รักษ์,อุดรธานี,23.75,13.71,8.26,67.9,366,17.526,103.066,Moderate,#ffff00,พิบูลย์รักษ์|อุดรธานี
เชียงยืน,มหาสารคาม,26.7,12.98,10.79,56.4,366,16.412,103.077,Unhealthy for Sensitive,#ff7e00,เชียงยืน|มหาสารคาม
กระนวน,ขอนแก่น,25.88,13.18,10.4,57.42,366,16.756,103.079,Unhealthy for Sensitive,#ff7e00,กระนวน|ขอนแก่น
ยางสีสุราช,มหาสารคาม,23.71,12.23,9.42,57.25,366,15.654,103.095,Moderate,#ffff00,ยางสีสุราช|มหาสารคาม
หนองหาน,อุดรธานี,23.64,13.44,8.61,66.49,366,17.363,103.102,Moderate,#ffff00,หนองหาน|อุดรธานี
บ้านกรวด,บุรีรัมย์,21.74,11.16,8.59,57.67,366,14.394,103.11,Moderate,#ffff00,บ้านกรวด|บุรีรัมย์
บรบือ,มหาสารคาม,25.19,12.77,10.37,56.54,366,15.993,103.123,Unhealthy for Sensitive,#ff7e00,บรบือ|มหาสารคาม
โพนพิสัย,หนองคาย,24.74,14.56,8.28,68.93,366,17.952,103.125,Moderate,#ffff00,โพนพิสัย|หนองคาย
แคนดง,บุรีรัมย์,21.94,12.06,7.89,60.11,366,15.312,103.127,Moderate,#ffff00,แคนดง|บุรีรัมย์
ชื่นชม,มหาสารคาม,26.78,13.4,10.69,59.01,366,16.54,103.143,Unhealthy for Sensitive,#ff7e00,ชื่นชม|มหาสารคาม
กู่แก้ว,อุดรธานี,24.26,13.31,9.42,62.01,366,17.162,103.163,Moderate,#ffff00,กู่แก้ว|อุดรธานี
พลับพลาชัย,บุรีรัมย์,20.42,12.18,6.53,63.05,366,14.73,103.168,Moderate,#ffff00,พลับพลาชัย|บุรีรัมย์
บ้านด่าน,บุรีรัมย์,20.43,12.33,6.34,62.98,366,15.121,103.189,Moderate,#ffff00,บ้านด่าน|บุรีรัมย์
ทุ่งฝน,อุดรธานี,23.97,13.57,8.82,64.73,366,17.503,103.211,Moderate,#ffff00,ทุ่งฝน|อุดรธานี
ห้วยราช,บุรีรัมย์,19.77,12.54,5.64,64.32,366,15.002,103.225,Moderate,#ffff00,ห้วยราช|บุรีรัมย์
ศรีธาตุ,อุดรธานี,24.8,13.3,9.83,59.26,366,17.037,103.226,Moderate,#ffff00,ศรีธาตุ|อุดรธานี
พยัคฆภูมิพิสัย,มหาสารคาม,23.15,12.25,8.81,58.69,366,15.528,103.237,Moderate,#ffff00,พยัคฆภูมิพิสัย|มหาสารคาม
ห้วยเม็ก,กาฬสินธุ์,27.22,14.1,10.66,62.78,366,16.597,103.238,Unhealthy for Sensitive,#ff7e00,ห้วยเม็ก|กาฬสินธุ์
นาดูน,มหาสารคาม,24.04,12.49,9.51,57.73,366,15.727,103.238,Moderate,#ffff00,นาดูน|มหาสารคาม
รัตนวาปี,หนองคาย,23.6,14.11,8.18,68.08,366,18.193,103.238,Moderate,#ffff00,รัตนวาปี|หนองคาย
ท่าคันโท,กาฬสินธุ์,25.52,13.44,10.17,59.18,366,16.882,103.242,Unhealthy for Sensitive,#ff7e00,ท่าคันโท|กาฬสินธุ์
บ้านดุง,อุดรธานี,24.16,13.85,8.65,64.99,366,17.709,103.262,Moderate,#ffff00,บ้านดุง|อุดรธานี
กันทรวิชัย,มหาสารคาม,27.38,14.23,10.81,63.92,366,16.285,103.267,Unhealthy for Sensitive,#ff7e00,กันทรวิชัย|มหาสารคาม
ไชยวาน,อุดรธานี,24.26,13.3,9.49,61.05,366,17.221,103.275,Moderate,#ffff00,ไชยวาน|อุดรธานี
เฝ้าไร่,หนองคาย,23.83,13.99,8.34,66.3,366,18.005,103.299,Moderate,#ffff00,เฝ้าไร่|หนองคาย
เมืองมหาสารคาม,มหาสารคาม,26.38,13.69,10.48,60.91,366,16.128,103.308,Unhealthy for Sensitive,#ff7e00,เมืองมหาสารคาม|มหาสารคาม
พนมดงรัก,สุรินทร์,21.57,11.53,8.16,59.58,366,14.429,103.308,Moderate,#ffff00,พนมดงรัก|สุรินทร์
กระสัง,บุรีรัมย์,20.16,12.8,6.1,66.9,366,14.944,103.317,Moderate,#ffff00,กระสัง|บุรีรัมย์
สตึก,บุรีรัมย์,21.47,12.33,7.33,62.4,366,15.225,103.324,Moderate,#ffff00,สตึก|บุรีรัมย์
ปากคาด,บึงกาฬ,22.6,14.25,7.79,70.07,366,18.281,103.34,Moderate,#ffff00,ปากคาด|บึงกาฬ
วาปีปทุม,มหาสารคาม,24.73,12.89,9.73,58.16,366,15.868,103.341,Moderate,#ffff00,วาปีปทุม|มหาสารคาม
หนองกุงศรี,กาฬสินธุ์,26.78,14.09,10.5,62.7,366,16.724,103.342,Unhealthy for Sensitive,#ff7e00,หนองกุงศรี|กาฬสินธุ์
ยางตลาด,กาฬสินธุ์,29.37,16.06,10.32,73.55,366,16.443,103.349,Unhealthy for Sensitive,#ff7e00,ยางตลาด|กาฬสินธุ์
ชุมพลบุรี,สุรินทร์,22.46,12.32,8.12,60.47,366,15.385,103.367,Moderate,#ffff00,ชุมพลบุรี|สุรินทร์
ปทุมรัตต์,ร้อยเอ็ด,23.63,12.54,8.96,58.89,366,15.624,103.383,Moderate,#ffff00,ปทุมรัตต์|ร้อยเอ็ด
แกดำ,มหาสารคาม,25.98,13.61,10.15,60.55,366,16.051,103.396,Unhealthy for Sensitive,#ff7e00,แกดำ|มหาสารคาม
ปราสาท,สุรินทร์,20.88,12.49,6.9,65.14,366,14.629,103.411,Moderate,#ffff00,ปราสาท|สุรินทร์
ส่องดาว,สกลนคร,24.01,13.19,9.31,59.89,366,17.313,103.441,Moderate,#ffff00,ส่องดาว|สกลนคร
สว่างแดนดิน,สกลนคร,23.9,13.29,9.23,61.07,366,17.461,103.448,Moderate,#ffff00,สว่างแดนดิน|สกลนคร
โซ่พิสัย,บึงกาฬ,22.39,14.22,7.75,70.67,366,18.144,103.449,Moderate,#ffff00,โซ่พิสัย|บึงกาฬ
วังสามหมอ,อุดรธานี,24.68,13.26,9.82,58.54,366,17.048,103.457,Moderate,#ffff00,วังสามหมอ|อุดรธานี
ศรีสมเด็จ,ร้อยเอ็ด,25.79,13.69,9.84,61.11,366,16.019,103.506,Unhealthy for Sensitive,#ff7e00,ศรีสมเด็จ|ร้อยเอ็ด
เมืองสุรินทร์,สุรินทร์,19.76,14.29,4.23,74.52,366,14.885,103.509,Moderate,#ffff00,เมืองสุรินทร์|สุรินทร์
สามชัย,กาฬสินธุ์,25.55,13.65,10.08,60.72,366,16.885,103.524,Unhealthy for Sensitive,#ff7e00,สามชัย|กาฬสินธุ์
บ้านม่วง,สกลนคร,23.34,13.64,8.46,64.22,366,17.901,103.527,Moderate,#ffff00,บ้านม่วง|สกลนคร
เจริญศิลป์,สกลนคร,23.72,13.35,8.94,61.63,366,17.641,103.531,Moderate,#ffff00,เจริญศิลป์|สกลนคร
จตุรพักตรพิมาน,ร้อยเอ็ด,24.61,13.18,9.21,59.56,366,15.829,103.548,Moderate,#ffff00,จตุรพักตรพิมาน|ร้อยเอ็ด
กาบเชิง,สุรินทร์,21.52,11.94,7.86,61.26,366,14.473,103.567,Moderate,#ffff00,กาบเชิง|สุรินทร์
จอมพระ,สุรินทร์,21.35,12.8,6.9,65.08,366,15.139,103.583,Moderate,#ffff00,จอมพระ|สุรินทร์
สหัสขันธ์,กาฬสินธุ์,27.19,14.66,10.43,65.6,366,16.718,103.585,Unhealthy for Sensitive,#ff7e00,สหัสขันธ์|กาฬสินธุ์
กมลาไสย,กาฬสินธุ์,28.97,15.98,10.32,72.69,366,16.289,103.606,Unhealthy for Sensitive,#ff7e00,กมลาไสย|กาฬสินธุ์
จังหาร,ร้อยเอ็ด,27.07,14.62,10.2,66.07,366,16.165,103.61,Unhealthy for Sensitive,#ff7e00,จังหาร|ร้อยเอ็ด
เมืองร้อยเอ็ด,ร้อยเอ็ด,25.65,13.77,9.56,61.82,366,16.019,103.61,Unhealthy for Sensitive,#ff7e00,เมืองร้อยเอ็ด|ร้อยเอ็ด
วาริชภูมิ,สกลนคร,23.62,12.91,8.94,57.72,366,17.257,103.61,Moderate,#ffff00,วาริชภูมิ|สกลนคร
เขวาสินรินทร์,สุรินทร์,20.65,13.3,5.93,68.82,366,15.006,103.615,Moderate,#ffff00,เขวาสินรินทร์|สุรินทร์
ท่าตูม,สุรินทร์,22.41,12.68,7.75,61.79,366,15.31,103.644,Moderate,#ffff00,ท่าตูม|สุรินทร์
คำม่วง,กาฬสินธุ์,24.59,13.23,9.72,59.14,366,16.949,103.646,Moderate,#ffff00,คำม่วง|กาฬสินธุ์
พรเจริญ,บึงกาฬ,22.12,14.21,7.63,71.67,366,18.074,103.648,Moderate,#ffff00,พรเจริญ|บึงกาฬ
ลำดวน,สุรินทร์,20.97,12.84,6.59,66.11,366,14.717,103.692,Moderate,#ffff00,ลำดวน|สุรินทร์
ดอนจาน,กาฬสินธุ์,28.64,15.79,10.27,71.59,366,16.475,103.714,Unhealthy for Sensitive,#ff7e00,ดอนจาน|กาฬสินธุ์
ร่องคำ,กาฬสินธุ์,27.75,15.16,10.37,68.67,366,16.289,103.715,Unhealthy for Sensitive,#ff7e00,ร่องคำ|กาฬสินธุ์
นิคมน้ำอูน,สกลนคร,23.03,12.61,8.41,56.86,366,17.17,103.73,Moderate,#ffff00,นิคมน้ำอูน|สกลนคร
วานรนิวาส,สกลนคร,23.32,13.07,8.8,59.74,366,17.629,103.737,Moderate,#ffff00,วานรนิวาส|สกลนคร
พังโคน,สกลนคร,22.94,12.68,8.34,57.19,366,17.389,103.75,Moderate,#ffff00,พังโคน|สกลนคร
เมืองสรวง,ร้อยเอ็ด,24.51,13.67,8.37,62.73,366,15.788,103.751,Moderate,#ffff00,เมืองสรวง|ร้อยเอ็ด
สมเด็จ,กาฬสินธุ์,25.43,13.69,9.88,61.43,366,16.776,103.757,Unhealthy for Sensitive,#ff7e00,สมเด็จ|กาฬสินธุ์
ธวัชบุรี,ร้อยเอ็ด,25.37,13.94,8.97,63.29,366,16.038,103.772,Unhealthy for Sensitive,#ff7e00,ธวัชบุรี|ร้อยเอ็ด
เชียงขวัญ,ร้อยเอ็ด,26.21,14.25,9.62,64.39,366,16.15,103.773,Unhealthy for Sensitive,#ff7e00,เชียงขวัญ|ร้อยเอ็ด
ศรีวิไล,บึงกาฬ,21.61,14.62,7.02,76.05,366,18.156,103.779,Moderate,#ffff00,ศรีวิไล|บึงกาฬ
ศีขรภูมิ,สุรินทร์,21.29,12.89,6.75,64.94,366,14.95,103.781,Moderate,#ffff00,ศีขรภูมิ|สุรินทร์
สนม,สุรินทร์,22.04,12.83,7.36,62.5,366,15.179,103.782,Moderate,#ffff00,สนม|สุรินทร์
คำตากล้า,สกลนคร,23.18,13.33,8.59,62.14,366,17.829,103.786,Moderate,#ffff00,คำตากล้า|สกลนคร
นามน,กาฬสินธุ์,26.92,14.6,10.22,65.27,366,16.581,103.788,Unhealthy for Sensitive,#ff7e00,นามน|กาฬสินธุ์
โพธิ์ชัย,ร้อยเอ็ด,27,14.7,10.07,66.3,366,16.33,103.798,Unhealthy for Sensitive,#ff7e00,โพธิ์ชัย|ร้อยเอ็ด
สุวรรณภูมิ,ร้อยเอ็ด,23.97,13.57,7.87,63.18,366,15.608,103.804,Moderate,#ffff00,สุวรรณภูมิ|ร้อยเอ็ด
กุดบาก,สกลนคร,22.52,12.37,7.96,56.86,366,17.086,103.817,Moderate,#ffff00,กุดบาก|สกลนคร
สังขะ,สุรินทร์,21.69,12.22,7.74,61.19,366,14.566,103.83,Moderate,#ffff00,สังขะ|สุรินทร์
ทุ่งเขาหลวง,ร้อยเอ็ด,25.07,14.13,8.34,64.98,366,15.975,103.867,Hazardous,#7e0023,ทุ่งเขาหลวง|ร้อยเอ็ด
อาจสามารถ,ร้อยเอ็ด,24.79,14.29,7.75,66.38,366,15.839,103.875,Moderate,#ffff00,อาจสามารถ|ร้อยเอ็ด
ศรีณรงค์,สุรินทร์,21.55,12.64,7.24,62.56,366,14.778,103.884,Moderate,#ffff00,ศรีณรงค์|สุรินทร์
ห้วยผึ้ง,กาฬสินธุ์,25.27,13.64,9.72,61.05,366,16.674,103.887,Unhealthy for Sensitive,#ff7e00,ห้วยผึ้ง|กาฬสินธุ์
พรรณานิคม,สกลนคร,21.66,12.1,7.23,56.88,366,17.316,103.894,Moderate,#ffff00,พรรณานิคม|สกลนคร
เซกา,บึงกาฬ,22.81,13.57,8.3,64.88,366,17.987,103.901,Moderate,#ffff00,เซกา|บึงกาฬ
รัตนบุรี,สุรินทร์,22.81,13.23,7.48,61.77,366,15.34,103.902,Moderate,#ffff00,รัตนบุรี|สุรินทร์
โนนนารายณ์,สุรินทร์,22.17,13.08,7.28,61.67,366,15.194,103.907,Moderate,#ffff00,โนนนารายณ์|สุรินทร์
ภูพาน,สกลนคร,22.64,12.42,8,57.34,366,16.936,103.929,Moderate,#ffff00,ภูพาน|สกลนคร
โพนทราย,ร้อยเอ็ด,23.65,13.74,7.44,64.15,366,15.494,103.937,Moderate,#ffff00,โพนทราย|ร้อยเอ็ด
สำโรงทาบ,สุรินทร์,21.73,13.06,7.02,61.9,366,15.045,103.942,Moderate,#ffff00,สำโรงทาบ|สุรินทร์
โพนทอง,ร้อยเอ็ด,25.55,13.99,9.26,62.79,366,16.289,103.964,Unhealthy for Sensitive,#ff7e00,โพนทอง|ร้อยเอ็ด
บุ่งคล้า,บึงกาฬ,22.19,14.1,7.77,70.61,366,18.243,103.966,Moderate,#ffff00,บุ่งคล้า|บึงกาฬ
อากาศอำนวย,สกลนคร,22.97,12.88,8.33,59.05,366,17.642,103.972,Moderate,#ffff00,อากาศอำนวย|สกลนคร
บัวเชด,สุรินทร์,21.99,12.05,8.06,59.14,366,14.479,103.978,Moderate,#ffff00,บัวเชด|สุรินทร์
เสลภูมิ,ร้อยเอ็ด,25.03,14.35,7.94,66.52,366,16.052,103.996,Hazardous,#7e0023,เสลภูมิ|ร้อยเอ็ด
นาคู,กาฬสินธุ์,23.89,12.97,8.87,58.51,366,16.761,104.008,Moderate,#ffff00,นาคู|กาฬสินธุ์
หนองฮี,ร้อยเอ็ด,24.35,14.52,6.99,68.01,366,15.582,104.009,Moderate,#ffff00,หนองฮี|ร้อยเอ็ด
เมืองจันทร์,ศรีสะเกษ,21.87,13.45,6.83,62.13,366,15.185,104.022,Moderate,#ffff00,เมืองจันทร์|ศรีสะเกษ
ปรางค์กู่,ศรีสะเกษ,21.59,13,7.06,61.17,366,14.854,104.034,Moderate,#ffff00,ปรางค์กู่|ศรีสะเกษ
ห้วยทับทัน,ศรีสะเกษ,21.46,13.38,6.64,61.86,366,15.021,104.036,Moderate,#ffff00,ห้วยทับทัน|ศรีสะเกษ
กุฉินารายณ์,กาฬสินธุ์,25.04,13.58,9.44,60.01,366,16.523,104.051,Hazardous,#7e0023,กุฉินารายณ์|กาฬสินธุ์
บึงบูรพ์,ศรีสะเกษ,22.4,13.61,7,62.77,366,15.305,104.059,Moderate,#ffff00,บึงบูรพ์|ศรีสะเกษ
โพธิ์ศรีสุวรรณ,ศรีสะเกษ,21.94,13.61,6.74,62.62,366,15.235,104.066,Moderate,#ffff00,โพธิ์ศรีสุวรรณ|ศรีสะเกษ
บึงโขงหลง,บึงกาฬ,23.06,13.44,8.48,63.61,366,18.03,104.07,Moderate,#ffff00,บึงโขงหลง|บึงกาฬ
พนมไพร,ร้อยเอ็ด,25.25,15.85,5.43,76.37,366,15.694,104.073,Unhealthy for Sensitive,#ff7e00,พนมไพร|ร้อยเอ็ด
ศิลาลาด,ศรีสะเกษ,23.67,14.12,7.08,65.65,366,15.484,104.093,Moderate,#ffff00,ศิลาลาด|ศรีสะเกษ
นาทม,นครพนม,23.26,13.2,8.64,61.18,366,17.841,104.098,Moderate,#ffff00,นาทม|นครพนม
นาหว้า,นครพนม,22.18,12.45,7.49,57.11,366,17.501,104.098,Moderate,#ffff00,นาหว้า|นครพนม
เมืองสกลนคร,สกลนคร,18.69,11.07,5.02,59.7,366,17.174,104.102,Moderate,#ffff00,เมืองสกลนคร|สกลนคร
เขาวง,กาฬสินธุ์,24.18,13.12,8.93,58.51,366,16.682,104.105,Moderate,#ffff00,เขาวง|กาฬสินธุ์
เมยวดี,ร้อยเอ็ด,25.03,13.71,9.12,60.92,366,16.376,104.11,Hazardous,#7e0023,เมยวดี|ร้อยเอ็ด
ภูสิงห์,ศรีสะเกษ,22.11,12.23,8.02,58.47,366,14.489,104.146,Moderate,#ffff00,ภูสิงห์|ศรีสะเกษ
เต่างอย,สกลนคร,21.22,11.9,6.79,57.95,366,16.942,104.15,Moderate,#ffff00,เต่างอย|สกลนคร
อุทุมพรพิสัย,ศรีสะเกษ,20.73,14.21,5.5,64.17,366,15.127,104.161,Moderate,#ffff00,อุทุมพรพิสัย|ศรีสะเกษ
เมืองยโสธร,ยโสธร,25.56,16.39,4.8,79.72,366,15.848,104.168,Unhealthy for Sensitive,#ff7e00,เมืองยโสธร|ยโสธร
ราษีไศล,ศรีสะเกษ,22.41,13.93,6.78,63.6,366,15.346,104.182,Moderate,#ffff00,ราษีไศล|ศรีสะเกษ
ขุขันธ์,ศรีสะเกษ,21.72,12.98,7.26,59.95,366,14.726,104.188,Moderate,#ffff00,ขุขันธ์|ศรีสะเกษ
ทรายมูล,ยโสธร,24.94,15.04,6.73,71.03,366,15.984,104.196,Moderate,#ffff00,ทรายมูล|ยโสธร
วังหิน,ศรีสะเกษ,20.56,14.21,5.33,64.03,366,14.963,104.212,Moderate,#ffff00,วังหิน|ศรีสะเกษ
บ้านแพง,นครพนม,23.41,13.28,8.66,61.49,366,17.874,104.217,Moderate,#ffff00,บ้านแพง|นครพนม
หนองพอก,ร้อยเอ็ด,24.82,13.77,8.59,61.65,366,16.305,104.217,Moderate,#ffff00,หนองพอก|ร้อยเอ็ด
ศรีสงคราม,นครพนม,23.14,13.05,8.09,59.88,366,17.639,104.234,Moderate,#ffff00,ศรีสงคราม|นครพนม
มหาชนะชัย,ยโสธร,23.78,14.41,6.85,66.31,366,15.514,104.256,Moderate,#ffff00,มหาชนะชัย|ยโสธร
กุสุมาลย์,สกลนคร,21.4,12.17,6.76,58.34,366,17.356,104.271,Moderate,#ffff00,กุสุมาลย์|สกลนคร
กุดชุม,ยโสธร,24.59,14.46,7.19,66.77,366,16.056,104.287,Moderate,#ffff00,กุดชุม|ยโสธร
โคกศรีสุพรรณ,สกลนคร,21.12,11.93,6.63,58.29,366,17.026,104.295,Moderate,#ffff00,โคกศรีสุพรรณ|สกลนคร
โพนนาแก้ว,สกลนคร,20.58,11.79,6.23,58.83,366,17.214,104.307,Moderate,#ffff00,โพนนาแก้ว|สกลนคร
คำเขื่อนแก้ว,ยโสธร,24.38,14.89,6.56,68.98,366,15.649,104.335,Moderate,#ffff00,คำเขื่อนแก้ว|ยโสธร
หนองสูง,มุกดาหาร,24.92,13.68,8.9,61.45,366,16.444,104.342,Moderate,#ffff00,หนองสูง|มุกดาหาร
ค้อวัง,ยโสธร,22.55,14.15,6.74,63.25,366,15.38,104.344,Moderate,#ffff00,ค้อวัง|ยโสธร
ไพรบึง,ศรีสะเกษ,21.6,13.41,6.91,60.63,366,14.77,104.345,Moderate,#ffff00,ไพรบึง|ศรีสะเกษ
คำชะอี,มุกดาหาร,24.75,13.52,8.98,60.63,366,16.615,104.348,Moderate,#ffff00,คำชะอี|มุกดาหาร
ดงหลวง,มุกดาหาร,23.78,13.03,8.42,58.88,366,16.794,104.351,Moderate,#ffff00,ดงหลวง|มุกดาหาร
พยุห์,ศรีสะเกษ,20.8,14.19,5.71,63.29,366,14.908,104.38,Moderate,#ffff00,พยุห์|ศรีสะเกษ
ยางชุมน้อย,ศรีสะเกษ,21.03,14.46,5.69,63.89,366,15.239,104.389,Moderate,#ffff00,ยางชุมน้อย|ศรีสะเกษ
ป่าติ้ว,ยโสธร,24.21,14.87,6.18,69.61,366,15.849,104.393,Moderate,#ffff00,ป่าติ้ว|ยโสธร
ขุนหาญ,ศรีสะเกษ,22.27,12.6,7.91,57.87,366,14.537,104.406,Moderate,#ffff00,ขุนหาญ|ศรีสะเกษ
โพนสวรรค์,นครพนม,23.51,13.54,7.83,63.26,366,17.466,104.408,Moderate,#ffff00,โพนสวรรค์|นครพนม
ไทยเจริญ,ยโสธร,24.21,14.29,6.92,65.7,366,16.086,104.437,Moderate,#ffff00,ไทยเจริญ|ยโสธร
วังยาง,นครพนม,22.66,12.73,7.52,58.28,366,17.072,104.439,Moderate,#ffff00,วังยาง|นครพนม
นาแก,นครพนม,23.51,13.02,8.13,59.34,366,16.941,104.465,Moderate,#ffff00,นาแก|นครพนม
ศรีรัตนะ,ศรีสะเกษ,21.84,13.61,7.04,60.16,366,14.799,104.483,Moderate,#ffff00,ศรีรัตนะ|ศรีสะเกษ
ท่าอุเทน,นครพนม,24.19,14.06,8.17,66.51,366,17.608,104.497,Moderate,#ffff00,ท่าอุเทน|นครพนม
เลิงนกทา,ยโสธร,24.54,14.04,7.72,64.4,366,16.203,104.523,Moderate,#ffff00,เลิงนกทา|ยโสธร
หัวตะพาน,อำนาจเจริญ,23.7,14.59,6.17,66.63,366,15.679,104.523,Moderate,#ffff00,หัวตะพาน|อำนาจเจริญ
น้ำเกลี้ยง,ศรีสะเกษ,21.64,14.09,6.59,61.09,366,14.92,104.528,Moderate,#ffff00,น้ำเกลี้ยง|ศรีสะเกษ
เขื่องใน,อุบลราชธานี,23.21,14.55,7.13,64.85,366,15.394,104.534,Moderate,#ffff00,เขื่องใน|อุบลราชธานี
ปลาปาก,นครพนม,23.74,13.68,7.85,64.34,366,17.201,104.538,Moderate,#ffff00,ปลาปาก|นครพนม
นิคมคำสร้อย,มุกดาหาร,25.41,14.15,9.02,65.81,366,16.353,104.556,Unhealthy for Sensitive,#ff7e00,นิคมคำสร้อย|มุกดาหาร
กันทรารมย์,ศรีสะเกษ,22.27,14.71,6.87,64.7,366,15.126,104.571,Moderate,#ffff00,กันทรารมย์|ศรีสะเกษ
เมืองมุกดาหาร,มุกดาหาร,26.64,15.06,9.97,71.16,366,16.55,104.628,Unhealthy for Sensitive,#ff7e00,เมืองมุกดาหาร|มุกดาหาร
เมืองอำนาจเจริญ,อำนาจเจริญ,23.12,15.54,3.93,72.24,366,15.882,104.637,Moderate,#ffff00,เมืองอำนาจเจริญ|อำนาจเจริญ
เรณูนคร,นครพนม,24.25,13.71,8.32,64.09,366,17.055,104.647,Moderate,#ffff00,เรณูนคร|นครพนม
เมืองนครพนม,นครพนม,25.31,15.56,7.51,79.16,366,17.321,104.663,Unhealthy for Sensitive,#ff7e00,เมืองนครพนม|นครพนม
กันทรลักษ์,ศรีสะเกษ,22.63,12.89,8.03,56.87,366,14.571,104.67,Moderate,#ffff00,กันทรลักษ์|ศรีสะเกษ
เสนางคนิคม,อำนาจเจริญ,23.74,14.57,6.09,67.18,366,16.053,104.682,Moderate,#ffff00,เสนางคนิคม|อำนาจเจริญ
โนนคูณ,ศรีสะเกษ,22.84,14.3,7.52,64.12,366,14.907,104.694,Moderate,#ffff00,โนนคูณ|ศรีสะเกษ
ธาตุพนม,นครพนม,24.58,13.7,8.66,63.74,366,16.964,104.703,Moderate,#ffff00,ธาตุพนม|นครพนม
ลืออำนาจ,อำนาจเจริญ,23.52,14.68,5.89,66.93,366,15.712,104.706,Moderate,#ffff00,ลืออำนาจ|อำนาจเจริญ
เบญจลักษ์,ศรีสะเกษ,22.77,13.73,7.71,60.54,366,14.788,104.713,Moderate,#ffff00,เบญจลักษ์|ศรีสะเกษ
ม่วงสามสิบ,อุบลราชธานี,23.86,14.81,7.25,67.95,366,15.526,104.721,Moderate,#ffff00,ม่วงสามสิบ|อุบลราชธานี
สำโรง,อุบลราชธานี,23.62,15.18,7.84,71.17,366,14.98,104.79,Moderate,#ffff00,สำโรง|อุบลราชธานี
ดอนตาล,มุกดาหาร,25.3,14.14,8.86,65.77,366,16.297,104.812,Unhealthy for Sensitive,#ff7e00,ดอนตาล|มุกดาหาร
เมืองอุบลราชธานี,อุบลราชธานี,25.01,17.81,7.08,88.44,366,15.3,104.829,Hazardous,#7e0023,เมืองอุบลราชธานี|อุบลราชธานี
พนา,อำนาจเจริญ,23.77,14.41,6.86,64.11,366,15.673,104.854,Moderate,#ffff00,พนา|อำนาจเจริญ
วารินชำราบ,อุบลราชธานี,24.67,17.05,7.38,83.76,366,15.122,104.858,Moderate,#ffff00,วารินชำราบ|อุบลราชธานี
น้ำขุ่น,อุบลราชธานี,22.95,12.9,8.29,55.94,366,14.567,104.894,Moderate,#ffff00,น้ำขุ่น|อุบลราชธานี
ปทุมราชวงศา,อำนาจเจริญ,23.76,14.25,6.59,64.39,366,15.898,104.898,Moderate,#ffff00,ปทุมราชวงศา|อำนาจเจริญ
ทุ่งศรีอุดม,อุบลราชธานี,23.18,13.6,8.11,60.82,366,14.741,104.917,Moderate,#ffff00,ทุ่งศรีอุดม|อุบลราชธานี
เหล่าเสือโก้ก,อุบลราชธานี,24.38,15.96,7.93,76.87,366,15.431,104.918,Moderate,#ffff00,เหล่าเสือโก้ก|อุบลราชธานี
ชานุมาน,อำนาจเจริญ,24.34,13.91,7.69,63.11,366,16.126,104.923,Moderate,#ffff00,ชานุมาน|อำนาจเจริญ
ดอนมดแดง,อุบลราชธานี,24.41,16,8.04,77.29,366,15.387,105.026,Moderate,#ffff00,ดอนมดแดง|อุบลราชธานี
กุดข้าวปุ้น,อุบลราชธานี,23.9,13.97,7.35,61.95,366,15.817,105.04,Moderate,#ffff00,กุดข้าวปุ้น|อุบลราชธานี
นาเยีย,อุบลราชธานี,24.07,15.33,8.14,72.89,366,15.05,105.058,Moderate,#ffff00,นาเยีย|อุบลราชธานี
ตระการพืชผล,อุบลราชธานี,23.96,14.35,7.67,65.69,366,15.615,105.065,Moderate,#ffff00,ตระการพืชผล|อุบลราชธานี
น้ำยืน,อุบลราชธานี,23.02,12.53,8.56,55.35,366,14.439,105.068,Moderate,#ffff00,น้ำยืน|อุบลราชธานี
สว่างวีระวงศ์,อุบลราชธานี,24.41,16.07,7.97,77.73,366,15.236,105.07,Moderate,#ffff00,สว่างวีระวงศ์|อุบลราชธานี
เดชอุดม,อุบลราชธานี,23.54,14.05,8.19,64.27,366,14.849,105.074,Moderate,#ffff00,เดชอุดม|อุบลราชธานี
เขมราฐ,อุบลราชธานี,24.08,13.67,7.84,60.69,366,15.973,105.152,Moderate,#ffff00,เขมราฐ|อุบลราชธานี
ตาลสุม,อุบลราชธานี,24.12,14.97,8.06,70.52,366,15.39,105.152,Moderate,#ffff00,ตาลสุม|อุบลราชธานี
นาจะหลวย,อุบลราชธานี,23.2,12.8,8.54,55.71,366,14.565,105.228,Moderate,#ffff00,นาจะหลวย|อุบลราชธานี
พิบูลมังสาหาร,อุบลราชธานี,23.94,14.59,8.21,68.08,366,15.15,105.237,Moderate,#ffff00,พิบูลมังสาหาร|อุบลราชธานี
นาตาล,อุบลราชธานี,24.05,13.53,8.08,60.13,366,15.933,105.283,Moderate,#ffff00,นาตาล|อุบลราชธานี
โพธิ์ไทร,อุบลราชธานี,23.94,13.58,8.11,60.67,366,15.765,105.343,Moderate,#ffff00,โพธิ์ไทร|อุบลราชธานี
ศรีเมืองใหม่,อุบลราชธานี,23.89,13.78,8.16,62.31,366,15.563,105.354,Moderate,#ffff00,ศรีเมืองใหม่|อุบลราชธานี
บุณฑริก,อุบลราชธานี,23.36,12.93,8.57,56.72,366,14.708,105.402,Moderate,#ffff00,บุณฑริก|อุบลราชธานี
สิรินธร,อุบลราชธานี,23.7,13.64,8.39,61.6,366,15.111,105.435,Moderate,#ffff00,สิรินธร|อุบลราชธานี
โขงเจียม,อุบลราชธานี,23.81,13.54,8.34,60.74,366,15.454,105.501,Moderate,#ffff00,โขงเจียม|อุบลราชธานี
สาทร,กรุงเทพมหานคร,23.75,8.93,11.97,47.72,366,13.71523452,100.5332507,Moderate,#ffff00,สาทร|กรุงเทพมหานคร
ฆ้องชัย,กาฬสินธุ์,28.84,15.76,10.41,71.67,366,16.25746162,103.4511975,Unhealthy for Sensitive,#ff7e00,ฆ้องชัย|กาฬสินธุ์
เมืองกาฬสินธุ์,กาฬสินธุ์,30.75,17.44,9.77,81.16,366,16.42755081,103.5097627,Unhealthy for Sensitive,#ff7e00,เมืองกาฬสินธุ์|กาฬสินธุ์
โคกโพธิ์ไชย,ขอนแก่น,24.4,12.39,9.94,55.77,366,16.07927962,102.3754124,Moderate,#ffff00,โคกโพธิ์ไชย|ขอนแก่น
บ้านแฮด,ขอนแก่น,25.97,12.55,10.93,54.46,366,16.20418072,102.759236,Unhealthy for Sensitive,#ff7e00,บ้านแฮด|ขอนแก่น
ภูเวียง,ขอนแก่น,25.12,13.07,10.44,54.77,366,16.66817439,102.4735172,Unhealthy for Sensitive,#ff7e00,ภูเวียง|ขอนแก่น
หนองนาคำ,ขอนแก่น,24.94,13.39,10.08,58.15,366,16.81631886,102.3238402,Moderate,#ffff00,หนองนาคำ|ขอนแก่น
เมืองชัยภูมิ,ชัยภูมิ,23,13.74,6.01,80.19,366,15.80508165,102.0256971,Moderate,#ffff00,เมืองชัยภูมิ|ชัยภูมิ
เทพารักษ์,นครราชสีมา,24.28,11.13,10.72,54.86,366,15.30567794,101.5436506,Moderate,#ffff00,เทพารักษ์|นครราชสีมา
หนองบุนนาก,นครราชสีมา,23.55,10.77,10.9,55.24,366,14.6992619,102.450824,Moderate,#ffff00,หนองบุนนาก|นครราชสีมา
สุไหงโกลก,นราธิวาส,15.11,3.56,9.73,24.76,366,6.024745315,101.9583146,Moderate,#ffff00,สุไหงโกลก|นราธิวาส
เมืองบึงกาฬ,บึงกาฬ,20.41,16.01,5.47,86.86,366,18.35280906,103.6499973,Moderate,#ffff00,เมืองบึงกาฬ|บึงกาฬ
ป่าพะยอม,พัทลุง,14.25,3.69,9.5,24.95,366,7.833990909,99.93854961,Moderate,#ffff00,ป่าพะยอม|พัทลุง
หว้านใหญ่,มุกดาหาร,25.99,14.48,9.75,67.3,366,16.68500397,104.7399878,Unhealthy for Sensitive,#ff7e00,หว้านใหญ่|มุกดาหาร
กรงปินัง,ยะลา,15.49,2.93,8.83,23.88,366,6.410429312,101.2740917,Moderate,#ffff00,กรงปินัง|ยะลา
เกษตรวิสัย,ร้อยเอ็ด,23.65,12.83,8.58,59.95,366,15.65369543,103.5896771,Moderate,#ffff00,เกษตรวิสัย|ร้อยเอ็ด
เมืองศรีสะเกษ,ศรีสะเกษ,19.51,15.06,3.34,66.64,366,15.11163591,104.3327319,Moderate,#ffff00,เมืองศรีสะเกษ|ศรีสะเกษ
หาดใหญ่,สงขลา,16.46,2.08,12.49,23.44,366,7.00934556,100.4702281,Moderate,#ffff00,หาดใหญ่|สงขลา
บ้านตาขุน,สุราษฎร์ธานี,17.62,5.93,9.94,32.59,366,9.155973055,98.70101423,Moderate,#ffff00,บ้านตาขุน|สุราษฎร์ธานี
นากลาง,หนองบัวลำภู,24.84,14.95,8.59,73.26,366,17.30275136,102.2046956,Moderate,#ffff00,นากลาง|หนองบัวลำภู
นาวัง,หนองบัวลำภู,25.14,16.08,7.82,81.76,366,17.32466683,102.073791,Unhealthy for Sensitive,#ff7e00,นาวัง|หนองบัวลำภู
โนนสัง,หนองบัวลำภู,24.85,13.3,9.91,59.2,366,16.93365269,102.5416157,Moderate,#ffff00,โนนสัง|หนองบัวลำภู
เมืองหนองบัวลำภู,หนองบัวลำภู,24.43,13.89,9.14,66.32,366,17.20864694,102.4401242,Moderate,#ffff00,เมืองหนองบัวลำภู|หนองบัวลำภู
ศรีบุญเรือง,หนองบัวลำภู,24.86,14.05,9.53,64.26,366,16.96064749,102.2688477,Moderate,#ffff00,ศรีบุญเรือง|หนองบัวลำภู
สุวรรณคูหา,หนองบัวลำภู,24.93,15.18,8.46,74.49,366,17.51354847,102.3209209,Moderate,#ffff00,สุวรรณคูหา|หนองบัวลำภู
ประจักษ์ศิลปาคม,อุดรธานี,23.4,13.34,8.5,67.47,366,17.22480889,102.9253733,Moderate,#ffff00,ประจักษ์ศิลปาคม|อุดรธานี